imo,discharge_start_date,load_end_date,me_con_g,ae_con_g,ab_con_g,distance_nm
9230921,2023-09-30,2023-09-07,370522933.0774767,18757231.458333384,3061155.0555555588,4602.371987447432
9355513,2023-09-14,2023-08-01,427279835.84667027,84469712.16666666,19819085.444444455,5592.924675195907
9355513,2023-11-16,2023-10-22,445024160.672122,61597760.79166648,10287426.277777778,4718.16465721235
9493987,2023-07-17,2023-06-09,374729382.0469845,19438769.999999978,2091298.4444444438,4265.499675454018
9496329,2023-11-04,2023-10-14,182824419.6639914,17112749.87499999,7554382.555555564,2298.0019140657646
9538880,2023-07-27,2023-07-15,780180932.3628116,30272839.45833338,3503546.0555555527,3387.5027910387607
9675559,2023-09-20,2023-08-24,118674206.9799118,29558985.083333343,19165082.22222219,1941.0069957199762
9693331,2023-07-31,2023-07-02,130686031.05002266,30717611.166666716,21724679.666666713,2408.2639906876016
9700081,2023-08-25,2023-07-30,181349508.3627897,44970041.45833326,32606441.999999974,2338.583067288909
9711731,2023-09-30,2023-07-25,668009052.9519385,73214960.54166631,34027140.5,10321.991515553304
9736236,2023-07-16,2023-06-12,94949995.77098425,33937676.499999985,8051355.83333334,2476.507790436481
9748760,2023-11-29,2023-10-26,761571597.438313,64380142.125000104,1400359.888888889,9519.026850268398
9762900,2023-07-26,2023-06-01,250295923.84879568,18331290.791666634,3697506.6111111147,3439.392328463947
9804552,2023-08-22,2023-07-19,552307975.2485945,61105121.99999997,23377328.999999944,6134.72104651265
9810331,2023-07-15,2023-06-24,187936685.59690645,11572266.874999996,1235387.1666666646,8342.445590248119
9846108,2023-09-18,2023-08-19,168785685.2284533,50526899.041666605,39898202.888888896,2160.3274752467532
9851335,2023-08-31,2023-08-09,83508911.94013949,23817874.70833329,15092600.94444444,1597.309702175013
9852224,2023-08-03,2023-06-25,377258578.1824274,37072809.58333323,1770032.4444444454,7336.382728832417
9942201,2023-08-02,2023-06-27,510223486.9169702,39059869.87499999,1759021.1666666681,8646.51935877468
9942201,2023-12-05,2023-10-18,520913163.4106558,57964600.95833314,8544399.277777757,10588.195524853336
9149392,2023-07-08,2023-05-20,60745294.789731465,8905051.37499998,2480265.0555555546,1151.8088039921183
9296303,2023-07-04,2023-06-12,0.0,693069.0,469944.2222222222,0.5372628004770784
9397248,2023-10-25,2023-10-02,239836948.02697966,18498314.791666638,6760066.055555566,3012.2548196918174
9426257,2023-09-23,2023-07-27,589314013.7720207,68392264.41666655,23027089.333333313,9470.911028826635
9466348,2023-12-14,2023-10-24,728400466.6922406,90267709.45833313,3904785.7222222225,31367.588385279236
9467017,2023-07-05,2023-05-30,49561088.74393318,9230439.833333336,873407.111111111,1021.8394895562287
9502738,2023-10-28,2023-09-23,129592312.81426996,33456498.833333395,27671100.22222231,11759.801432264221
9513907,2023-08-20,2023-07-02,790554428.0241656,56023404.12499999,19990778.833333332,8260.815044466171
9520601,2023-11-28,2023-10-09,686551704.7377391,52804582.45833357,6887828.611111108,9846.451701177479
9520986,2023-10-19,2023-08-22,799674847.0648268,69817135.91666621,17619132.44444444,11433.748348704992
9544700,2023-08-18,2023-06-08,292270788.3200388,78867208.33333336,56677268.999999896,4396.654343324949
9558256,2023-10-12,2023-08-31,575300206.1918994,50165422.666666724,3610862.3333333307,9958.460405444112
9571612,2023-07-27,2023-06-08,202655447.2984459,22995637.16666675,2043086.444444443,4885.081776243002
9595890,2023-07-17,2023-06-24,36016774.39047185,11134945.79166667,7849546.944444443,549.6673571396561
9693496,2023-08-24,2023-08-02,113889389.15167052,25937925.54166672,15472900.388888909,2226.7149468674147
9738959,2023-12-12,2023-11-02,479777626.0400649,74990894.33333308,40390823.222222246,5892.2755922156875
9757527,2023-09-06,2023-08-09,121557464.01263253,21177312.000000004,8633986.444444442,2680.7341694128045
9764063,2023-07-09,2023-06-23,57048349.68382064,5372055.54166667,1980568.9444444438,656.2826757541045
9767534,2023-10-10,2023-08-31,754005379.5742102,76574501.79166645,12637235.222222218,10046.772502626662
9786011,2023-10-13,2023-09-20,193047519.0726634,43470526.66666656,25393447.77777779,2962.4215000733575
9826835,2023-09-09,2023-07-29,666005158.0533223,80240978.45833306,17102347.555555526,10056.053005732238
9834856,2023-11-05,2023-10-02,143236170.79006058,19670890.958333347,12340920.499999994,2071.899399653878
9899399,2023-09-15,2023-07-25,575437149.4388257,96648676.04166634,35979604.66666667,9034.569687080675
9926087,2023-08-08,2023-07-25,117053212.05341426,15050892.999999996,6498591.888888893,24565.31320908808
9186481,2023-08-26,2023-06-30,564388864.4239972,51358070.874999925,7750723.111111119,10798.949937031502
9300532,2023-09-06,2023-07-26,331651718.192981,35976147.458333395,21608360.944444504,3226.3577247068874
9300532,2023-10-26,2023-09-20,189099012.9470847,40057106.37499998,28412393.722222228,2173.7515486903235
9375915,2023-07-24,2023-04-02,25852961.631352015,28785470.4583333,29153657.000000007,373.14263909514784
9418987,2023-09-21,2023-06-05,1616922788.9753435,205283850.9583354,34743236.222222164,18119.666130267262
9508407,2023-07-20,2023-06-17,171296793.34205976,17501192.04166667,6776652.388888894,3648.6404817453085
9522910,2023-09-07,2023-07-26,418506119.67339045,36908343.33333331,19860875.222222224,4151.790212213547
9582465,2023-07-21,2023-07-06,208762640.47998136,28617648.041666638,14628207.222222226,2554.943820014214
9645566,2023-07-05,2023-05-19,59762851.48709857,3243161.458333333,736556.1666666666,612.1748488005164
9645566,2023-10-11,2023-07-21,889092717.4942576,96351450.54166627,44718108.05555561,10990.49452120327
9693290,2023-07-30,2023-06-20,323582465.9966618,29425216.166666694,47078.666666666664,6444.3020945618
9699969,2023-08-11,2023-07-11,90656185.96383609,59044612.79166647,26874503.833333377,2356.04699712437
9701059,2023-11-08,2023-09-29,685865326.7487854,48004512.291666634,7168870.7222222295,9796.092019870684
9717591,2023-07-14,2023-06-06,153241117.69116363,22069845.416666668,3401707.555555556,2437.7619698950866
9717591,2023-10-06,2023-08-11,798980206.3914807,103241210.04166655,42373091.22222225,12974.925728993676
9726504,2023-10-10,2023-08-15,738594735.9234725,105101292.29166639,40662998.88888894,10180.23265375936
9762871,2023-10-22,2023-09-11,319284825.9906178,45911857.33333332,16826719.0,6105.523192044661
9861213,2023-07-09,2023-05-10,37078832.50678486,7671254.500000001,4860456.777777778,760.5670300882568
9866184,2023-10-27,2023-09-08,1385323550.414271,93471607.66666698,30887696.66666662,10128.020933132848
9936783,2023-12-15,2023-10-05,634330655.9277031,124620142.83333337,66153409.0000001,14997.004301286683
9255062,2023-10-06,2023-09-11,384916511.2839749,62834764.41666674,9915761.888888871,5112.0619678165685
9368857,2023-12-09,2023-10-22,666799102.6781094,58009302.54166673,12976830.05555558,9930.610463234545
9426245,2023-07-18,2023-06-29,242744434.87821788,20117741.58333335,6787259.444444452,3186.7960668269993
9426245,2023-08-29,2023-08-05,287918769.46868855,28527936.124999974,9244897.500000002,4335.241451747975
9527958,2023-10-11,2023-07-11,658108761.5176278,158363444.95833343,40720349.33333337,11318.578323628259
9527958,2023-11-29,2023-10-25,590067538.9552826,79800165.79166631,1681372.7222222215,8989.57220871556
9583029,2023-09-08,2023-07-25,681957754.1858207,54256680.833333366,10930021.555555576,9869.472382678045
9658953,2023-08-09,2023-06-25,681909448.2303277,82297661.33333334,14096211.111111118,6931.602632932066
9667423,2023-11-23,2023-09-16,663074491.8520157,70519750.16666655,28298353.000000097,9352.033530232708
9670418,2023-07-30,2023-06-04,125784689.70489581,33091596.958333433,21291998.50000009,2473.147291278339
9696448,2023-08-08,2023-07-01,362688777.2846567,72055658.99999987,34874865.33333329,6194.199704543843
9729350,2023-07-20,2023-06-08,465392780.46748215,35741272.12500004,6199448.555555555,4481.311002461947
9740160,2023-07-20,2023-06-09,139710083.48609915,11448086.541666681,1822795.7222222218,2043.4825224380338
9800855,2023-09-27,2023-09-12,16869699.690504592,6898121.750000005,6266015.833333339,616228.1310952029
9800855,2023-10-30,2023-10-15,18361406.267132733,7506965.37499999,7793609.388888887,519600.0183829529
9239812,2023-07-19,2023-06-22,334894603.00691247,15755203.20833332,771146.4444444445,4644.291961725543
9304461,2023-08-26,2023-07-21,746135372.3717327,93687033.91666685,13062031.222222226,7859.224416810201
9377846,2023-07-30,2023-06-20,901142849.1191685,63480459.791666545,2664242.833333335,7953.0208974823445
9583110,2023-09-02,2023-08-08,266246692.54516256,29868335.250000156,7842689.3333333405,4560.5048531806815
9584906,2023-09-18,2023-08-05,911941484.3260567,53238879.958333194,9609844.055555567,10467.589320628227
9597666,2023-08-29,2023-08-04,265109187.07179946,46654396.20833326,9327777.222222228,3426.9503827892863
9614385,2023-08-10,2023-07-21,116311088.0797935,16053986.541666673,5514116.222222217,2539.6862714400872
9614385,2023-09-13,2023-08-23,174070401.84818456,17135366.625000015,4559425.5,3403.0862711016366
9621778,2023-08-01,2023-06-25,442319245.23498434,34522048.70833336,9067861.388888896,5560.308515985634
9629976,2023-09-25,2023-09-02,531338702.9484961,27956477.250000123,3420609.6666666605,5856.956258280548
9642148,2023-07-30,2023-07-07,110585326.25471671,37200587.12499993,38013873.777777806,1616.2946048446543
9700055,2023-09-29,2023-07-28,608254273.8161937,103118849.70833354,42600037.444444425,9144.886262858996
9700055,2023-11-28,2023-10-20,605201024.188013,67317515.95833361,7033162.55555556,8918.490774408692
9700885,2023-07-12,2023-06-06,235991452.64037588,21078100.333333295,496632.3333333333,3062.0354086517177
9700885,2023-09-22,2023-08-07,692770149.0343671,84408951.79166636,30495100.555555638,9334.037485671088
9700885,2023-11-17,2023-10-06,572569148.2764297,79906549.12500036,10242452.777777763,9581.672179212726
9726449,2023-08-26,2023-08-02,377436202.2698104,34506143.2083333,14912628.555555537,3500.61968171783
9781968,2023-09-15,2023-08-02,825806723.7008933,78963129.91666658,27247380.888888884,9259.895118227076
9796949,2023-07-23,2023-06-15,428034805.8076694,42031303.16666683,4130293.5555555527,5615.572604074006
9860609,2023-08-07,2023-06-25,60020916.57954363,33674368.0,35735767.99999986,1226.0163702055802
9880362,2023-08-14,2023-06-30,833990788.7904336,77380741.2083336,11315468.222222222,9816.19742763917
9167681,2023-10-25,2023-08-23,555992105.2490603,51323870.04166626,11241499.33333328,11679.849491140114
9233430,2023-07-29,2023-06-25,433614616.5142989,30920131.125000075,2683190.277777777,6173.061518617453
9357200,2023-11-09,2023-09-09,874616967.630999,145843367.04166725,30676692.666666694,11385.41801732869
9403190,2023-07-22,2023-06-22,164513296.41676393,24085972.62499989,10742266.944444446,3032.871159980946
9508421,2023-08-25,2023-07-12,798016441.269261,37219238.87499992,5791300.277777771,12861.031777761269
9595149,2023-09-10,2023-07-29,709712173.2071526,38548219.66666658,8544477.666666668,7849.464253986401
9595149,2023-10-22,2023-09-25,464347265.460874,30936820.95833331,6727888.833333328,5380.377414725568
9635391,2023-07-15,2023-06-08,300100131.8558538,16450089.499999989,3208840.6666666656,19759.175837986753
9649548,2023-09-02,2023-07-28,2618369073.255044,17002906.374999993,6738651.722222222,37717.084242998
9669380,2023-08-14,2023-06-24,596817574.4812329,74982675.08333339,11435535.444444457,8591.303351501054
9681895,2023-08-27,2023-08-06,44057008.7669679,20450119.62500001,14592398.611111118,840.4839908048747
9726035,2023-09-02,2023-07-20,170497542.09842643,78107760.79166639,74927551.00000009,2660.325173922652
9726035,2023-10-07,2023-09-13,223551585.7306018,42762146.916666545,27570996.666666675,3260.6745450078965
9726190,2023-07-29,2023-06-18,414050786.0712364,33949708.54166673,2940188.722222224,6876.552203894899
9735103,2023-07-21,2023-07-03,113085375.88143359,28719711.583333306,23593302.666666657,2146.707472206795
9735103,2023-09-02,2023-08-02,195391794.21315566,55815133.83333314,40008190.99999989,3621.3671373925995
9735103,2023-10-04,2023-09-07,234424117.20678285,50823601.83333343,32240530.222222265,12031.503826037993
9742651,2023-08-11,2023-07-08,372052090.53609407,61407797.20833337,29999187.888888884,4832.740040644844
9792450,2023-07-16,2023-06-03,148465113.83472484,21549564.83333332,8212677.333333337,2133.7470066633614
9792450,2023-09-03,2023-07-22,592449311.9208497,71597499.45833363,12953580.66666666,14395.719497670327
9865348,2023-11-08,2023-10-08,206507162.0421273,57932273.20833303,44140947.6666664,3099.3490602326615
9943243,2023-08-31,2023-07-19,276263142.9241731,51035402.7083335,19348103.277777843,6526.736841811445
9271925,2023-09-17,2023-07-15,703287906.0817151,139720189.37499946,33200790.33333338,10860.724381296883
9363546,2023-07-29,2023-05-10,91171793.07823564,51649574.70833328,29057402.055555608,1437.9417718293653
9432115,2023-08-30,2023-05-26,616441016.3175159,112078890.08333325,22587014.111111104,7755.754166689487
9432115,2023-10-26,2023-09-13,291893888.1942757,84296045.70833337,30392276.05555562,3743.1181284917498
9443360,2023-11-29,2023-10-16,911099171.1200619,100682596.08333367,10975615.555555558,10723.364709873065
9590618,2023-10-14,2023-09-10,428493682.09343,39139735.916666694,18174499.777777795,4028.685478208715
9590979,2023-07-03,2023-06-10,69305788.63644591,3717464.83333333,0.0,501.77118449739754
9595785,2023-12-04,2023-10-09,129328076.90601596,33670624.54166668,25199253.94444441,2144.108797439135
9605865,2023-09-24,2023-08-18,374491248.5652816,29548209.16666662,14213367.555555552,3532.6578478046754
9605865,2023-11-07,2023-10-16,248297745.9787528,24934857.458333366,6344587.944444444,3484.7213581201527
9611577,2023-07-08,2023-06-15,1164844.9429424938,4117950.416666676,3901910.833333326,169.94927452719693
9626388,2023-09-09,2023-08-13,247689831.1767396,32475927.791666497,14716171.833333353,3889.0972440294627
9646780,2023-11-10,2023-09-20,363865194.84654653,60154302.5416669,28106180.27777776,6722.284360787909
9694490,2023-08-21,2023-06-27,722503972.7984841,96372285.20833346,43589104.99999999,8709.212205711634
9697961,2023-07-11,2023-05-28,29252606.347760122,10386318.041666651,8835231.500000002,504.1959870098902
9697961,2023-09-17,2023-08-14,137519176.1375001,40493274.791666456,20557150.833333295,3585.1213481953096
9731901,2023-11-12,2023-10-28,175788918.0889164,25642473.999999978,16131617.333333332,1838.8701564478968
9747156,2023-10-10,2023-07-28,791970079.4602098,70526395.33333337,14739725.333333334,21150.70406599553
9779020,2023-10-18,2023-08-24,403096086.425336,114938280.16666651,35667897.38888883,7456.174005896929
9806782,2023-11-15,2023-10-13,315416516.5013844,49540985.54166672,32131142.77777774,3540.0911064992583
9856244,2023-12-19,2023-10-31,726939259.8397592,93699610.33333334,17592280.000000034,10574.933844331756
9926063,2023-08-03,2023-06-07,108293573.35475783,18035841.416666694,12320547.888888888,17572.370754255233
9926063,2023-10-26,2023-10-12,85717725.44467892,13464471.041666653,6767532.83333333,1390.8837991188445
9300207,2023-10-25,2023-09-06,583129702.7180896,42188095.62500008,7295664.277777785,10016.761350016393
9418729,2023-07-29,2023-06-03,326944119.41767085,29017581.66666666,9590506.55555554,4196.594976664757
9432153,2023-08-22,2023-06-17,851418745.9804142,120364001.33333355,20327769.83333332,11063.791917944405
9497476,2023-09-24,2023-08-23,93500408.27614658,21122482.87500005,7212506.888888887,2960.777804412775
9497854,2023-08-31,2023-07-21,618518166.8430532,45488432.70833325,10462567.833333317,7823.724694108732
9506746,2023-09-06,2023-08-10,452573497.68976015,67686253.375,15296253.38888897,5086.1036002042665
9514121,2023-12-17,2023-10-26,838362724.0695251,57365156.33333289,12245904.666666677,12339.270768641793
9520766,2023-08-27,2023-07-15,790618349.2372591,82429391.4166663,9772922.222222237,10718.400842232024
9533074,2023-10-02,2023-08-28,336266909.78864896,41679891.49999998,24878087.111111034,3730.311716424731
9575163,2023-12-08,2023-11-08,159106293.75134543,29133032.50000001,18437748.555555567,2068.1989588609244
9581370,2023-12-19,2023-11-07,302192026.9731132,44879524.624999925,31664189.61111108,3866.2405238901306
9691498,2023-12-31,2023-12-16,132516507.3779912,14998048.000000004,5339767.999999996,1896.972273434474
9855848,2023-12-15,2023-10-30,720838422.5936558,87571958.49999993,21485933.55555551,10539.956863803309
9860659,2023-07-03,2023-05-24,0.0,38956.66666666667,44150.88888888889,0.0
9910349,2023-08-22,2023-06-06,604613711.6425356,60802239.33333335,42810183.88888876,9578.084912293136
9910349,2023-11-06,2023-09-12,707199372.0952624,58622525.00000009,27385264.111111075,8747.191530532089
9911654,2023-12-01,2023-11-05,195492519.7800411,47382750.999999814,41374424.333333306,2144.3933148284805
9914008,2023-11-12,2023-10-14,461313529.14848834,34446037.16666664,9088513.555555563,5950.358833358162
9922005,2023-12-06,2023-09-27,524508646.52068245,132787910.12500037,75245594.55555569,9846.197265617522
9942043,2023-11-09,2023-10-25,88771054.9633677,15838996.875000007,9118119.05555556,1438.0040339300942
9283605,2023-11-30,2023-10-31,138668829.73347598,64276198.99999995,17263920.27777779,4481.901076188447
9426336,2023-10-30,2023-09-30,275965700.2833682,55491805.41666684,22454314.00000005,4297.279422431556
9467146,2023-11-16,2023-09-09,1505421256.753805,155607852.29166558,24890214.722222246,16371.1995171364
9473420,2023-09-13,2023-07-19,694115165.9474334,48704920.87500027,11208162.333333334,10280.520206880621
9544401,2023-08-16,2023-06-28,894834612.2386352,87306846.79166673,31244910.111111104,9030.13076424301
9626601,2023-09-15,2023-08-10,541896419.0022223,42536176.04166672,17849592.944444466,6238.619066744479
9638434,2023-09-29,2023-09-09,4976592.710101298,11493664.000000007,9996317.333333328,126.90787959528976
9638501,2023-09-17,2023-09-06,111880515.95893702,11752023.83333334,5494029.777777769,1359.6029968311786
9649081,2023-07-24,2023-06-11,178962468.74405158,23830177.5833333,9814572.222222235,3700.512322000025
9649081,2023-09-14,2023-08-03,365460319.09265906,49439497.25000016,16005804.11111112,7224.556072446683
9696838,2023-10-23,2023-09-14,547035434.889539,46501925.166666746,4393780.333333334,9315.748464735801
9760134,2023-10-09,2023-09-26,144175567.70531416,17438672.33333334,4949697.333333337,1810.6918086544317
9780988,2023-10-14,2023-09-24,217935782.01143038,37865457.49999989,19341485.555555537,3328.9842333285033
9805245,2023-07-17,2023-06-28,143741730.50909084,13622964.333333347,5828449.999999991,1547.5565949519462
9805245,2023-08-25,2023-07-29,480523702.95118934,21144899.750000015,6576380.111111108,4504.815573610674
9831488,2023-10-17,2023-09-02,448819949.73182535,54291778.66666642,8469403.77777778,9865.08740458456
9838541,2023-09-10,2023-08-05,271195577.6444691,64229679.041666694,43450511.55555554,13106.366213841882
9860506,2023-11-09,2023-10-21,143998290.28034303,16526786.249999998,7417855.555555558,1520.3774994593323
9937309,2023-10-29,2023-08-21,879387544.1821496,59582793.291666776,11393498.222222228,13728.274004335974
9272216,2023-10-08,2023-07-18,990277104.1306804,186936596.1666666,50674952.444444634,13011.74891726319
9377999,2023-07-25,2023-06-23,84566553.42365955,20441075.416666687,11629380.777777795,1260.58770707527
9377999,2023-10-28,2023-08-13,960061845.9164555,65039899.7083333,8434574.555555545,16356.620024923064
9442718,2023-10-20,2023-08-24,763439896.9796243,108936066.4166662,36246389.44444443,10535.793680099905
9511052,2023-10-31,2023-09-25,648102511.3284495,67947974.25,6439941.888888887,15876.044857748548
9526162,2023-07-23,2023-06-25,195788258.18937165,49890062.62500014,14127066.111111082,2881.5178234565437
9533086,2023-07-28,2023-06-08,469681475.0490464,32620992.083333183,8538999.888888888,5404.209239827427
9551674,2023-11-16,2023-09-22,945839302.5052754,64089309.91666642,17411902.44444432,10115.097921833043
9577422,2023-08-06,2023-07-04,423389881.01227266,37804138.12499991,18890699.388888888,3951.8179970088368
9577422,2023-09-14,2023-08-29,278149546.21955365,15711060.083333364,3685645.333333334,2833.810543293826
9721437,2023-10-10,2023-09-28,127982266.9111892,14262903.416666657,3545257.4444444473,2401.96951456158
9748368,2023-07-04,2023-05-23,0.0,5382866.666666671,6100582.222222228,5.725998181860177
9763992,2023-09-09,2023-08-07,974732444.2860292,40216786.45833332,1242060.6111111098,9695.475731167382
9852729,2023-12-05,2023-10-22,558350525.318891,102484450.7916665,8798500.166666659,10036.609871380873
9873890,2023-09-21,2023-08-24,176066545.95287445,23518424.041666668,11906923.722222237,2410.937040141201
9393565,2023-08-28,2023-06-12,573430994.3194181,126238298.33333305,16523924.444444489,11436.12842155483
9421257,2023-10-10,2023-08-04,917716717.687099,80082699.12499973,32160166.500000004,16574.11835260026
9464950,2023-07-04,2023-05-28,54435938.09803231,3648428.333333336,0.0,828.8512182222394
9537018,2023-07-07,2023-05-30,40890069.36997437,6096927.416666669,7489.444444444444,6129.653010570016
9537018,2023-09-18,2023-07-23,482613109.09914166,115443332.33333409,23288940.33333331,8386.101833028904
9546459,2023-08-06,2023-06-22,720442192.8415931,86651977.7499998,2629764.944444444,9326.147357922306
9571272,2023-08-04,2023-06-27,490436011.71339905,28152938.12499999,757133.722222222,7495.026870301561
9588378,2023-08-13,2023-07-06,560745351.689697,31288159.499999963,1792751.0555555562,8785.899921964541
9596167,2023-10-21,2023-09-01,714893221.7787085,58811242.208333135,15499267.388888896,104556.6019378283
9606833,2023-09-16,2023-06-26,193413585.0157612,90115622.99999991,69233255.55555563,2956.6829292957273
9646704,2023-09-09,2023-08-21,303296930.82370484,22235802.87500001,6875824.722222215,3615.4270040979673
9646704,2023-10-14,2023-09-24,110514113.62755334,17601744.333333332,9935674.55555558,1606.6881185501159
9700809,2023-10-06,2023-08-18,567484748.7703083,58577248.70833352,11114293.055555575,9943.268043459024
9725902,2023-08-07,2023-07-03,566294911.3532835,42155424.45833328,1720712.6111111103,9614.980900253371
9725902,2023-09-21,2023-08-23,133393334.64030944,34030155.25000006,23742759.111111134,2212.520408727772
9726023,2023-10-10,2023-09-02,307211425.3375282,68640798.4166668,43236337.99999988,4916.33450501776
9866615,2023-10-30,2023-09-08,648128653.9212432,99243201.41666737,14298917.222222226,11211.113018303511
9316191,2023-07-05,2023-05-21,37959332.768528394,4742100.458333337,2264927.944444444,510.47920970914043
9316191,2023-08-22,2023-07-25,135113363.73473823,30760191.04166664,20454988.388888918,1836.8248388361549
9414917,2023-11-16,2023-09-23,526159739.47911155,57507421.29166642,13527501.611111112,8795.957241043445
9423475,2023-11-17,2023-09-29,853939553.6147147,58055956.833333135,12450480.777777744,11219.845621269802
9434735,2023-07-12,2023-05-30,84783390.5808415,8856694.70833334,3282500.7222222243,1060.3560438752638
9448308,2023-11-23,2023-11-12,110080927.11436935,23379956.70833332,5850560.3888888955,1920.8730787314905
9469900,2023-09-14,2023-05-11,1305284550.3942072,156274292.95833334,23379449.27777781,15361.620307937954
9496989,2023-10-18,2023-09-30,158863578.93191782,20162355.416666657,9600389.222222213,2523.8038468024524
9499450,2023-07-27,2023-06-24,80859528.37332119,22313274.749999966,16339113.666666673,979.8400732627715
9499450,2023-09-19,2023-08-17,192790455.65842244,31344840.58333342,19456364.00000003,2524.8839619643536
9603996,2023-07-07,2023-05-24,4996.922294930767,6569970.333333334,12311530.333333319,9.896851991717503
9643893,2023-07-24,2023-06-17,427577177.27624583,39520824.958333485,1882683.8888888897,12685.480114988148
9643893,2023-10-07,2023-08-22,682132397.5206362,79009582.16666667,16411384.44444444,8748.062589928288
9660126,2023-08-26,2023-07-13,260029578.4800999,51487192.250000186,26988773.11111115,4829.987826337758
9734989,2023-08-03,2023-06-24,558948254.4134622,60371209.708333366,7548851.88888889,7634.288436422151
9735816,2023-12-24,2023-10-21,722006676.3550208,112668758.58333279,47428118.66666665,9952.533762464785
9736353,2023-07-24,2023-06-26,214091886.79736826,43753960.249999754,31364329.444444418,2424.0201357668616
9750464,2023-11-14,2023-09-23,744782679.7576109,119392267.58333369,15673777.111111106,13438.919455112715
9767431,2023-09-22,2023-08-23,152189103.12770912,33951750.62500001,19892420.61111112,2567.7163293295466
9780990,2023-11-14,2023-10-28,289915238.7537019,32195038.416666638,8331581.000000004,4014.7094068855163
9805805,2023-08-03,2023-06-17,1024504127.2398571,59876751.45833336,13925854.11111111,7016.999540929224
9815977,2023-11-28,2023-10-24,83701605.33516459,17795814.833333302,9393208.33333333,1623.1724472552246
9845257,2023-10-23,2023-09-01,938368059.1184742,98830944.33333363,32539509.22222227,42910.927383220995
9865374,2023-08-23,2023-07-26,334872622.33749646,49404754.74999989,32144006.111111097,3095.3486653426253
9905277,2023-08-23,2023-06-27,888783395.1484804,97232232.5000001,30010003.666666668,12148.502971088656
9300831,2023-10-26,2023-09-21,494492228.5567852,30293144.37499991,2943388.4999999967,7642.922423572064
9347047,2023-11-11,2023-09-23,1674425083.9141548,106638976.16666678,10334135.666666672,12326.890058977715
9373993,2023-09-04,2023-07-29,1029214364.6062949,41741963.79166664,2350600.388888888,9813.324666843086
9373993,2023-10-22,2023-10-09,189604701.78914386,11151829.54166667,2436325.7222222225,2058.113977199373
9508847,2023-08-11,2023-06-25,334967908.7553149,32732880.375,11703030.44444444,4516.856497566028
9508847,2023-10-24,2023-10-04,203253345.5619733,16424725.41666666,6984743.722222235,2011.6868805630058
9508847,2024-01-01,2023-12-04,513142531.55465055,23366467.58333334,5639390.16666667,5161.859830928715
9524011,2023-08-29,2023-07-13,699507740.7381912,56019416.916666925,5035332.000000002,10689.205454870591
9525429,2023-08-28,2023-07-29,120565635.26791915,21227780.708333332,17695081.833333388,3009.0832981238946
9553062,2023-09-13,2023-08-01,777177971.5384884,79462037.95833315,5206346.333333334,9751.992209166157
9602734,2023-07-21,2023-05-22,42436315.79051304,37352728.833333425,35021881.33333242,913.7011847817723
9602734,2023-11-05,2023-09-21,735992203.6093881,84598646.16666609,12334759.888888884,8791.469164222855
9610729,2023-07-26,2023-06-16,405865350.1096326,30417633.999999993,0.0,6183.946751531722
9648075,2023-11-24,2023-09-29,550595594.4004487,66697704.6666663,11219890.44444447,11557.514355180798
9662423,2023-07-14,2023-06-17,79130844.16846511,29202857.666666668,12364680.83333333,954.0488740490682
9727297,2023-10-20,2023-10-12,143010878.98395458,14100995.458333327,5237609.333333339,1463.523401969185
9732163,2023-08-15,2023-06-28,748355648.1934822,45046525.33333338,4354827.666666667,9124.773041644594
9782168,2023-10-27,2023-09-10,722411153.481952,77564073.70833316,20135234.444444437,8473.045125312454
9805673,2023-09-25,2023-09-19,92526453.9821425,10564907.166666664,2816405.111111112,1140.417596556879
9805673,2023-10-26,2023-10-08,315420369.73554814,33023040.375000086,5238634.999999996,4095.7826934205495
9893266,2023-11-06,2023-09-28,460646250.3013923,74203324.54166682,40926955.99999995,6277.649964392506
9253492,2023-12-16,2023-10-23,669410513.2362931,63937507.29166637,13876441.722222196,10849.36355974866
9273806,2023-09-04,2023-07-17,475571090.099015,97818472.37500022,9178183.833333325,10220.33293680162
9414448,2023-09-01,2023-08-09,74679058.46336491,18300005.75,10109323.888888873,1084.154034504625
9424601,2023-11-08,2023-09-08,648462071.1721386,62545913.08333334,16278062.888888892,9497.0612431237
9425863,2023-08-26,2023-07-07,623904979.000194,60445521.49999963,4747004.444444447,11508.046977772468
9441283,2023-11-24,2023-11-06,273902598.7088385,21446423.916666668,2446216.888888889,4095.7662791482467
9473688,2023-07-14,2023-05-07,61299858.16803622,23018278.833333347,15158170.888888882,1949.9146488489814
9478755,2023-07-02,2023-06-14,4352204.516885902,372689.4166666667,56976.44444444445,60.02055399029829
9478755,2023-12-09,2023-11-28,157055104.1412755,11567007.833333334,5382704.333333327,1481.904091029072
9527415,2023-11-17,2023-09-25,595150309.203943,61940574.58333324,12443291.666666659,9531.779730451755
9605891,2023-12-24,2023-12-09,776059122.675402,35050620.04166673,4504096.166666664,3556.478551801203
9616072,2023-07-03,2023-06-11,0.0,128017.49999999999,188870.0,0.018382646768609564
9632791,2023-10-16,2023-09-12,32834475.98160958,20403938.208333306,16492188.277777785,459.832328587345
9632791,2023-12-09,2023-11-16,8524157.912968159,10748804.083333328,10476654.22222224,168.2643735115781
9684225,2023-07-25,2023-06-16,304780176.2760453,45828214.79166674,16486439.444444444,13605.765495593965
9698800,2023-08-26,2023-07-08,931188329.1829339,76181365.00000016,23965417.555555522,9148.21354000635
9705299,2023-09-06,2023-07-08,901355381.5386164,114817080.62500006,28609307.55555555,10942.792163633947
9959723,2023-08-18,2023-06-30,479075489.2363326,55825492.66666655,12440464.000000006,9988.940198430335
9959723,2023-11-06,2023-08-27,579143298.6946007,83315884.70833354,29669951.72222228,11389.571345215496
9146558,2023-11-05,2023-09-08,499669385.1470678,64775042.416666664,17490400.888888873,8817.556345502027
9320518,2023-10-21,2023-09-17,317744375.0874288,77324987.4583335,10812137.888888888,7652.444104220044
9385922,2023-09-27,2023-08-22,57126675.91755518,6926102.083333331,2629018.8333333335,63614.449005956856
9404704,2023-08-19,2023-05-31,77262531.92359263,16825176.33333336,10293791.833333356,15217.284059767979
9468138,2023-10-07,2023-09-16,362275442.0221804,25202711.62499997,5754028.722222224,4176.373053400384
9510034,2023-09-07,2023-08-23,69923612.0791822,37272714.91666669,9835104.444444435,2108.6226660778507
9518074,2023-10-06,2023-08-20,716623192.6728222,87972408.87499987,21021516.22222221,10130.353376860021
9587233,2023-07-12,2023-06-23,105812669.5287933,9008727.541666657,4115832.222222215,1008.4928891959439
9620994,2023-12-18,2023-11-16,321154749.5219186,32459569.458333317,19870530.277777787,4101.413035507311
9646730,2023-07-23,2023-06-22,199742146.72160283,25947610.541666534,11052760.61111111,3218.0878607354166
9659751,2023-10-29,2023-09-03,662990134.6853575,58101916.16666675,15795055.111111123,9228.912521026354
9700146,2023-12-18,2023-08-31,1025014235.8736273,146358721.7083336,37078786.888888866,16145.593019711858
9732151,2023-10-30,2023-09-09,304328929.09436756,38313728.37500002,22618729.499999955,7714.175618441742
9884605,2023-10-10,2023-08-23,673529832.0638125,91741904.58333403,25337812.44444447,9667.294391068104
9932139,2023-09-14,2023-08-21,164771215.8907292,26530928.666666627,15152322.888888884,2380.0810288277107
1018080,2023-10-23,2023-07-21,,70439146.20833261,27676701.333333187,12330.958206075473
9121297,2023-10-15,2023-08-27,751625192.8482081,115759856.69444506,14311470.777777802,24446.539856092702
9260378,2023-09-25,2023-04-15,298244792.17006737,69265592.49999996,19098237.277777813,6367730.389885984
9300491,2023-08-01,2023-07-13,355348110.4756963,22324723.416666627,4820992.22222222,3793.7481931713664
9300491,2023-11-29,2023-11-07,149548278.13404912,24669794.500000007,13805420.444444438,1982.4668012992213
9465394,2023-08-26,2023-06-16,935809241.6058648,133807976.25000022,23260397.333333336,12757.970805437339
9473250,2023-09-28,2023-08-15,559025384.976724,102470126.41666661,18941884.49999998,7464.337769827078
9555149,2023-11-10,2023-09-27,713674711.7586222,51589912.29166685,8439377.055555565,8861.768134511194
9583017,2023-09-19,2023-07-30,295258701.43585604,59651132.66666648,32577332.33333322,8171.297640542966
9644201,2023-09-18,2023-06-14,914352422.9308642,141891982.916667,77361862.22222239,12193.862804885357
9660607,2023-10-21,2023-09-01,843228250.569557,57679027.25000015,17416654.88888893,9815.18666899215
9660607,2023-12-11,2023-10-27,1075417311.9041638,53654881.04166681,15278533.722222261,9782.661855498713
9855410,2023-09-19,2023-07-26,413322549.02939975,63321171.33333342,30918126.666666683,7437.880567835519
9007544,2023-07-17,2023-05-26,87246905.65499955,33757193.97222212,12995742.555555575,1425.7123894761992
9138111,2023-11-09,2023-10-14,430042757.1078283,48939338.49999987,19348721.88888893,5038.737463414623
9336036,2023-07-31,2023-06-24,1169000683.8376436,57184337.16666694,6161315.666666669,8352.995392447607
9489974,2023-07-31,2023-06-28,492381829.1237366,24083608.250000007,3397783.3888888904,6113.9633713060975
9500065,2023-08-10,2023-06-05,587645632.4703768,91964021.50000013,26723531.555555556,5718.036658052329
9500065,2023-11-28,2023-10-12,970971972.5381043,112405077.95833433,16319478.666666659,9685.492015349548
9504750,2023-09-01,2023-07-09,711782582.1349769,125617725.99999952,24586766.6111111,12399.740872244634
9543251,2023-11-09,2023-10-01,272211166.6509915,28218516.62499988,15093778.666666701,3811.835167706071
9557123,2023-10-15,2023-09-02,469866042.92239875,50982881.08333318,23122423.444444392,5846.2980866290045
9557123,2023-12-04,2023-10-22,284744355.034156,48283554.58333341,33231178.777777914,7052.326360673416
9587219,2023-11-16,2023-09-16,684074530.9872603,47069114.624999754,10057776.111111127,9155.824901314109
9650858,2023-08-10,2023-07-13,232063405.2930019,30918376.666666623,12475793.777777769,3978.093511286973
9668922,2023-07-25,2023-07-02,337303004.83652925,26584861.87500004,5865567.611111115,4060.7693585719
9769697,2023-08-17,2023-07-29,209040405.18678,22639289.83333332,9721096.777777776,3019.2140263812908
9775139,2023-08-14,2023-06-09,238510920.4613266,77775888.12500018,30667782.777777772,5668.035881682652
9789685,2023-10-16,2023-08-28,805143667.38144,79786429.666666,10256774.333333332,13068.997346882172
9858620,2023-07-10,2023-06-19,159572021.61300796,17389680.20833336,7050876.55555556,1729.360893160206
9223631,2023-11-14,2023-09-16,432166307.6712348,51752376.54166648,5808846.166666669,11163.836439624953
9520663,2023-11-08,2023-09-23,664135421.255085,55787987.666666366,6608168.222222216,10605.212161055199
9597587,2023-07-08,2023-05-23,16582504.750950113,7352992.291666671,5517792.944444442,500.2602152569335
9612246,2023-10-24,2023-09-24,137145594.5151473,21937342.91666672,2859705.055555555,56114.31175337111
9615743,2023-12-26,2023-11-30,321258271.28627264,30938981.125000067,9698026.833333334,4725.531406889742
9687760,2023-07-22,2023-06-07,260974255.00463015,24605590.749999933,2644027.0000000005,4575.636770245543
9721061,2023-11-23,2023-09-23,675212126.9522988,104523357.24999964,54972554.33333333,9743.511301099757
9738820,2023-08-30,2023-07-16,739172168.3776464,85802824.79166692,16112101.333333334,10354.845496351707
9738820,2023-11-01,2023-09-17,915449240.3334452,85816350.75000039,25031874.777777836,10374.56341362333
9801160,2023-10-02,2023-08-13,572014050.9469607,55181009.00000016,14076408.000000006,8674.356518278011
9803352,2023-10-08,2023-08-01,958426769.5704423,128673423.12499993,65057243.33333347,11495.367207797468
9210323,2023-11-07,2023-09-23,346738634.21322113,32407427.54166665,10157653.944444459,7039.434972987728
9310604,2023-08-30,2023-07-01,326917549.08843356,33687146.45833335,11721916.49999996,5234.213566667958
9310604,2023-11-19,2023-10-05,239216819.9958649,24465251.958333336,2592093.8888888895,5326.522252432305
9344095,2023-09-12,2023-07-06,1422423461.714922,128332695.83333287,61331976.66666667,10815.52764223078
9381392,2023-09-30,2023-07-22,741668356.4302043,129663235.54166609,15798074.500000002,13223.172117613743
9463633,2023-07-14,2023-06-02,171947365.80022627,15280755.208333334,4923855.444444443,37033.37815208037
9465368,2023-10-10,2023-08-15,466626981.8732828,40704813.50000011,10985816.499999996,7070.702532655764
9480708,2023-07-04,2023-06-08,51656833.36941516,2663253.666666668,53549.99999999999,762.0236920988556
9639464,2023-09-27,2023-08-12,619964514.877066,84080078.87500012,17169931.055555563,6763.645141269715
9696797,2023-07-17,2023-06-27,59178896.48121147,15700915.208333325,10927344.999999989,860.2736118296353
9696797,2023-09-02,2023-07-30,76656395.88087685,41582399.08333335,37413329.88888886,1219.014771338017
9696797,2023-12-02,2023-11-23,132690105.98792477,15041140.291666653,2576969.555555556,1863.1888398996964
9717515,2023-09-18,2023-08-21,455634786.0654524,24826155.24999999,2477016.166666669,6708.5411535221865
9717515,2023-12-18,2023-10-27,377781370.6437817,46068940.66666664,18306677.61111111,6163.37770432016
9762857,2023-08-02,2023-06-23,505464507.80501115,61439659.666666865,4441523.888888887,8062.342769764043
9762857,2023-11-09,2023-10-18,181166734.6573159,31265897.541666694,16897395.555555567,2782.9944014536404
9813230,2023-07-19,2023-03-08,99698.92625142464,5589076.999999998,7024467.055555553,19.579369058377807
9846081,2023-10-29,2023-10-10,151890479.44503018,34674726.66666662,24147519.66666664,2101.5782013006974
9855460,2023-08-25,2023-07-18,421352193.3977998,44262730.9583335,12974174.277777784,7171.3863781147
9873888,2023-11-21,2023-11-06,133483883.3541103,17060271.04166669,8884578.722222213,1629.382355361475
9943231,2023-08-12,2023-06-24,623938680.4647278,48955059.29166654,6358176.61111111,10103.01545473148
9943580,2023-12-13,2023-12-02,121545504.61810152,16993938.000000045,10572638.11111109,1684.9567463114392
9949209,2023-08-28,2023-07-14,293872651.70318466,78382918.79166658,55569532.00000003,4214.603331884152
9368871,2023-09-30,2023-08-08,627654731.7000401,60831094.99999964,24810285.444444444,7914.858730076614
9423504,2023-08-07,2023-07-04,479787590.0245375,40968939.91666673,9294413.777777778,7090.4634283582245
9424132,2023-09-08,2023-08-24,139940413.9700454,12279843.87500002,3694718.611111111,2123.760996108484
9435143,2023-11-02,2023-10-06,205447226.6188974,65947073.29166663,23653192.722222183,2455.9734368409595
9438640,2023-12-22,2023-12-12,102371788.42528167,10214297.166666659,2008236.4444444445,1492.525205038605
9455911,2023-08-24,2023-08-05,329788382.4097883,15523725.749999981,4498642.944444448,3310.5432904147256
9490818,2023-10-02,2023-07-18,833755340.4577179,66786475.1666667,21939085.555555526,8947.826267428956
9546485,2023-07-26,2023-06-15,617052872.9302896,59696854.75000011,1923013.5555555564,7133.93107648694
9571430,2023-11-13,2023-10-03,725637009.4481934,33186857.16666669,1771388.6666666656,9495.10133779991
9610676,2023-07-10,2023-05-25,63583489.62376392,5124016.083333335,1803537.5555555557,757.5940317849071
9696412,2023-07-16,2023-06-27,141303999.69963267,20062052.833333336,21213130.777777772,1279.1027054422
9708904,2023-10-16,2023-09-07,1014373670.9477857,46356827.83333342,3084151.333333335,16730.46839804647
9708904,2023-12-19,2023-10-30,738481280.4263932,55708225.08333353,9984876.333333327,9367.415540659455
9714343,2023-09-07,2023-08-19,129028969.48268516,15259703.875000004,5833425.333333342,2073.010053418822
9721413,2023-08-06,2023-07-09,180005224.05251738,33427083.625000082,19479460.388888936,3094.169726407741
9731389,2023-09-24,2023-08-04,870908022.7754853,113019270.00000015,22799977.833333243,11367.806132482914
9737149,2023-09-01,2023-07-21,123198888.44552268,61185994.45833347,29102741.055555537,2046.7967928551234
9747053,2023-09-28,2023-08-22,210648297.40592837,16681316.708333338,6777384.333333344,14394.801050266846
9890680,2023-07-11,2023-04-25,474025.6620162479,1852997.7916666665,1657553.8333333337,16.01403516285984
9405019,2023-07-13,2023-05-29,73777984.0981856,13201451.79166668,9151983.05555556,1113.6022254876796
9467952,2023-07-20,2023-06-20,102578800.60825488,12121727.583333332,4860905.388888892,1359.355986922875
9703590,2023-07-30,2023-07-06,115507815.95506823,45222163.99999985,35759184.55555547,2189.391522643562
9836907,2023-12-10,2023-10-29,473724929.598671,46614218.62500013,1991065.5000000019,15908.71760780857
9856323,2023-10-01,2023-07-30,1040895670.0410821,118002669.95833337,42634832.666666545,12719.119767936627
9911630,2023-08-10,2023-06-28,663437963.9754087,76701004.25000031,10416092.66666665,9755.708862861482
9911630,2023-10-06,2023-08-21,564491590.0146362,87976132.83333287,18113804.11111114,20799.04406184362
9911630,2023-12-06,2023-10-23,850439343.5241086,83780062.70833361,16993976.333333317,9859.693838057712
9416719,2023-10-17,2023-10-02,201739515.28426197,30875382.416666623,9902338.500000011,2126.0392266601575
9416721,2023-08-18,2023-07-02,880441777.4173285,102762785.66666712,22008364.33333333,9400.918717871662
9530319,2023-12-07,2023-11-25,82413962.59599271,29825947.125000037,7382428.500000006,1432.2613843829092
9544138,2023-07-30,2023-06-19,362026812.2676139,56882412.16666659,5467110.2777777845,5202.03492236035
9612131,2023-09-11,2023-07-26,433815162.75034827,39375892.29166668,8499724.222222224,7435.561669056876
9612325,2023-09-06,2023-07-27,295426527.7132764,48861922.95833323,28759341.055555522,4245.138542570585
9612325,2023-12-12,2023-10-22,469324566.97956437,59873714.33333346,22134332.444444444,7565.865077362202
9638147,2023-08-22,2023-07-14,664669974.4675225,43460046.50000002,2992092.5555555555,9378.713029056295
9644251,2023-11-25,2023-10-10,453610536.9047093,37126775.83333334,7912498.88888889,8314.39482447198
9705988,2023-11-12,2023-09-17,846505040.2101008,96195319.45833342,20859776.33333336,176686.235446331
9725469,2023-08-28,2023-07-06,571578341.6905335,89951617.16666603,11872480.777777774,10096.18089805944
9758363,2023-08-22,2023-07-08,645416006.2741997,52393976.91666652,8127475.222222221,9353.330400118566
9758363,2023-10-09,2023-09-20,348104797.750212,21397963.708333377,2582880.8333333316,4384.142681265058
9758363,2023-12-20,2023-10-23,701554255.3882403,65759839.70833367,21109367.499999985,9787.205978422073
9832652,2023-12-14,2023-10-27,797883263.5483371,84742708.9166667,27542844.666666683,9579.833062607831
9128790,2023-10-17,2023-09-02,341233308.1888804,36355177.19444433,2008136.3333333344,9031.930842464453
9404998,2023-09-23,2023-08-13,536029707.2647035,49576079.583333254,6508315.888888883,8995.527506197484
9404998,2023-12-07,2023-10-16,753250565.6557485,62426800.04166684,8871917.499999996,11158.868935620647
9426776,2023-10-17,2023-10-08,112821562.66610286,17453544.333333287,5355035.888888897,1785.395418346862
9426776,2023-11-24,2023-11-04,237282719.83949727,37493273.45833333,9136795.444444444,4213.886510630797
9496226,2023-07-31,2023-06-04,247485988.23898667,35673491.20833311,18786878.49999999,3827.1129391157415
9533440,2023-10-19,2023-09-12,728297106.6360168,67783381.79166672,8608008.555555558,8598.23953471082
9571595,2023-11-09,2023-10-30,59956001.78198098,8916352.791666673,3412921.8888888876,1184.2487106004212
9594444,2023-08-06,2023-05-27,2726378.677789771,26660279.749999974,20266975.944444437,351.21509197386314
9611278,2023-10-09,2023-09-07,330179988.7897478,38591386.16666657,12931117.999999989,6195.012848702996
9621015,2023-09-02,2023-08-02,98844223.28860952,33875066.87500008,27332123.055555478,1647.902837826616
9660061,2023-09-14,2023-07-29,563747767.8846791,37728773.875,8004131.722222221,6785.890453666958
9681998,2023-10-20,2023-09-11,657910795.6429847,85711254.41666679,6174184.666666663,9624.9210109494
9697820,2023-09-05,2023-07-23,144432385.31286004,8688692.458333328,986054.7777777782,2284.1751773570168
9736195,2023-10-29,2023-09-13,289377217.38943356,109876376.45833345,26526698.0,7280.035234648151
9758492,2023-07-20,2023-06-30,180603984.84989327,35897942.70833335,28117884.777777795,1731.5359807394434
9758492,2023-08-30,2023-08-16,156798299.59678796,19742628.75000001,9257096.888888886,1663.6570614527989
9767778,2023-08-07,2023-06-07,253665424.6867187,29575149.49999996,7377913.111111114,3602.71213815853
9767778,2023-09-11,2023-08-29,93481614.05582654,19306825.95833329,9858502.111111103,1576.5546073541957
9860221,2023-07-23,2023-06-05,400007635.9835921,42213755.458333254,0.0,6195.321564819977
9872511,2023-09-01,2023-07-11,202497547.33923796,94500362.66666667,73199130.77777784,3964.5897480950425
9883508,2023-09-01,2023-07-30,841403109.7419475,61106799.54166675,4569624.555555555,8724.230121738212
9883508,2023-11-04,2023-09-24,568912711.1369181,73209669.0,5050071.000000005,8802.129355921632
9919527,2023-07-03,2023-05-22,6849865.112768111,2368845.3750000014,1793999.6111111122,109.07132078726096
9960459,2023-09-09,2023-08-06,456548347.640023,62843651.54166658,6981486.3333333405,8167.715554293729
9407859,2023-09-22,2023-08-31,252069681.13264528,25466911.708333377,8634593.72222223,10879860.732896937
9461312,2023-11-17,2023-07-21,1009682175.0542754,222195541.7499986,147089364.44444528,14077.976430525961
9501277,2023-10-08,2023-09-21,239499377.28679892,39318997.250000015,4116888.1111111077,4006.559001567553
9574133,2023-11-21,2023-11-09,235092689.72186428,21667597.25,10755571.333333338,1903.384908476897
9584190,2023-08-11,2023-07-09,122638814.87021926,26476719.2083333,13420402.555555554,2722.014336765551
9589085,2023-07-08,2023-06-19,64378926.21387884,7794765.333333325,4293831.666666668,865.4695186714993
9592135,2023-08-27,2023-07-22,186165192.26307857,63294422.20833341,55412912.88888892,2215.108018581183
9726566,2023-11-07,2023-09-22,767019711.9580013,85104643.54166673,17321745.77777776,10313.820873100898
9749893,2023-07-07,2023-06-17,168522621.11537442,11562737.875000004,1364002.5555555555,1610.170402128551
9749893,2023-08-24,2023-08-01,153873913.32391998,41379497.250000104,29443777.11111107,2030.2278003276715
9749893,2023-09-27,2023-09-09,163774115.93245915,33678847.5833334,21236296.111111138,2023.7648338246274
9749893,2023-11-05,2023-10-14,120645558.97588797,41310266.833333425,29708457.666666713,1830.5690724022345
9757034,2023-08-07,2023-06-15,681150743.733082,67002517.83333321,18937818.66666667,7714.855015535309
9760108,2023-09-02,2023-06-11,396148508.58762276,109864393.70833333,57459410.66666662,7350.646223223307
9847853,2023-09-01,2023-07-31,360540207.8899585,60619617.500000164,44141047.7777776,3783.70109254772
9860283,2023-12-01,2023-11-18,107267608.11207043,14067261.541666673,4025587.7222222225,2118.3847512300636
9875173,2023-07-09,2023-05-06,37111900.47075343,9367176.541666659,5415159.222222219,625.857381871853
9875173,2023-10-07,2023-08-23,464677933.0585078,60157852.62500014,23203332.111111067,5642.374284959898
9877925,2023-07-25,2023-06-30,249033341.68642232,44511144.70833325,36598695.55555554,2247.8523995518544
9877925,2023-09-04,2023-08-18,256242135.92921162,31820986.166666616,21191512.444444377,2134.651739508178
9877925,2023-09-25,2023-09-14,248544288.17059502,21198782.58333337,8079399.222222241,2100.851330698229
9877925,2023-11-01,2023-10-07,268774843.90686435,46372537.79166666,38373943.222222164,2280.514655023097
9914498,2023-08-10,2023-05-25,1249564.329127099,67348365.50000012,84374679.55555534,287.9537338171539
9932775,2023-07-02,2023-05-23,8528063.027802052,1099200.3750000002,338450.1666666667,152.08477595932774
9494187,2023-09-21,2023-07-29,633838600.3264463,62790895.91666654,20237151.33333337,9654.223417384237
9494187,2023-11-22,2023-10-08,638135370.7113345,53937227.5000001,8886088.888888886,9918.194239608976
9500091,2023-11-14,2023-09-23,747657083.9145564,61745111.45833317,19570004.27777773,9085.246272487384
9502776,2023-07-18,2023-05-29,7963197.807774804,17932329.45833332,16982409.722222224,429.8529308122484
9502776,2023-10-12,2023-08-25,171255301.54530177,55414338.416666836,26549938.888888996,5984.781573120801
9610743,2023-11-16,2023-10-29,333804755.00439113,21002151.083333403,3151652.6666666646,4243.922592992676
9659892,2023-09-18,2023-09-08,149479725.85160708,10867444.249999965,2668227.4444444454,1857.7063810637092
9747429,2023-11-21,2023-10-13,427197650.2538767,74629079.41666664,30587712.777777772,6599.56788836399
9791925,2023-07-10,2023-06-22,80444493.163888,9236914.374999998,3991565.0555555606,1102.1309944720172
9791925,2023-08-17,2023-07-18,134901601.3161442,32368263.958333366,21332041.05555557,2032.5920963941153
9839832,2023-09-02,2023-07-21,567060979.234562,73178810.79166646,10238461.55555555,8909.102022004383
9876749,2023-10-07,2023-08-24,954941854.7112639,52320651.50000002,12669295.333333327,9619.013977992981
9890642,2023-08-13,2023-07-03,879955116.4530448,78637003.25000037,13881757.999999974,10064.16174817834
9902304,2023-07-18,2023-06-07,33525607.07071949,31280110.875000022,18125442.499999944,684.0660036936648
9902304,2023-09-08,2023-08-05,343586038.2624007,79151017.29166634,6719961.16666667,7316.131906730682
9930909,2023-08-14,2023-06-04,860842065.9913099,99505700.66666679,14081053.722222187,12132.052802449161
9950416,2023-07-10,2023-06-15,,11565502.54166667,12942392.777777782,339.51198467513177
9950416,2023-08-17,2023-07-19,,50963355.62500011,41160392.44444441,1983.131849034597
9965851,2023-11-05,2023-09-19,565510530.6575732,88988343.1666663,18481610.44444443,10782.858385448833
9423528,2023-07-13,2023-05-26,110942609.36693808,14417197.166666672,7068135.3333333265,1638.3806168061797
9466893,2023-11-12,2023-09-13,677528290.7955756,70810526.58333318,19889346.444444403,10460.246730127474
9468114,2023-08-11,2023-05-20,517950279.93360466,96523187.0416665,14891393.66666665,8584.52295564261
9468114,2023-11-26,2023-09-28,522086144.86298394,146141956.99999905,28579882.44444452,10381.951542544031
9504748,2023-10-27,2023-09-20,713728172.5066142,82281782.37500022,12825649.05555553,9383.362755157676
9509683,2023-08-03,2023-06-19,649563772.8587081,78576228.2500004,4077111.888888887,8837.649284293862
9544750,2023-08-14,2023-06-20,391004852.6523853,49443297.58333357,29668443.444444515,5097.979589953915
9549566,2023-08-04,2023-07-08,314394655.3619878,69644904.87500009,7626527.722222232,6182.859670414971
9549566,2023-09-18,2023-08-20,372480719.2472082,70045524.24999967,6139470.666666668,7165.319066517564
9596038,2023-09-30,2023-08-27,201486056.2316193,39241339.04166668,22922432.611111104,3678.237908158668
9646625,2023-11-01,2023-10-02,165277479.27378404,56817533.50000027,44290700.66666685,2693.373367483459
9656084,2023-09-21,2023-07-15,613105254.2179848,115978574.833333,41279934.55555563,10433.895770526167
9729922,2023-08-28,2023-07-05,934847832.5050921,98343909.0833327,38236908.1111109,9751.505523054633
9731365,2023-07-31,2023-07-10,113264674.55746385,39253027.66666655,23606445.5555556,2597.2333912512745
9796951,2023-07-02,2023-06-12,0.0,1868121.666666667,2117204.5555555574,9.276905020958184
9427079,2023-10-29,2023-10-06,238995214.42710003,16659928.45833333,10696223.38888889,3737.8503276006445
9459979,2023-12-27,2023-11-15,498364496.15051407,35074420.87499993,7500743.777777768,7749.1840288141375
9478767,2023-10-15,2023-08-19,710526871.5661322,66058722.16666679,24567126.88888892,9498.854319190767
9580261,2023-07-17,2023-06-30,51552083.84771417,11965032.625000007,5943904.555555555,2137.473736607076
9623659,2023-12-11,2023-11-07,286927599.72725827,52461269.249999896,13630337.444444433,3276.693326449219
9676618,2023-10-02,2023-08-15,432765064.6057236,103184568.5000002,17783577.222222213,18413.279843208114
9727273,2023-10-25,2023-08-01,610892473.8966205,97712079.29166715,51348087.27777754,9214.034400241533
9842255,2023-12-26,2023-10-24,510197730.19080687,107683418.9166667,46720610.77777787,8733.13112928972
9851347,2023-11-15,2023-08-29,466930715.58327585,78955365.12500009,30457701.499999996,9948.409644685215
9882982,2023-12-06,2023-10-15,788951162.8718858,92764651.4166666,33973946.55555559,9308.541484401772
9942031,2023-08-20,2023-07-06,218460955.80094177,52205106.41666655,30487535.555555485,4257.990970627883
9403085,2023-07-06,2023-05-26,87226978.12061797,6085576.249999991,2005.9999999999998,1325.6694910430954
9487419,2023-09-16,2023-07-27,744182806.9166089,47217404.000000365,4130403.11111111,9318.589775569722
9502348,2023-09-15,2023-07-26,598175244.8364843,100665794.66666669,26160770.16666666,7215.195055686222
9503976,2023-10-21,2023-09-10,478611564.8126591,48857673.041666664,22185000.94444447,6180.578590051971
9622801,2023-10-24,2023-09-19,787329498.9797187,41422643.16666674,2147253.000000001,9218.951095762355
9622801,2023-11-27,2023-11-18,121313864.72685626,9823061.625000019,2429584.2777777775,1580.5861719992856
9636395,2023-10-16,2023-06-29,679773707.2962998,193238165.2500012,57649063.61111135,12284.66147503969
9734991,2023-09-13,2023-07-30,558594973.2191892,78073335.16666652,4903192.888888889,9240.935522947264
9762364,2023-07-07,2023-06-18,70214188.85611857,11403968.874999978,6565163.888888894,909.4651245302025
9762364,2023-09-04,2023-08-05,211114889.73127738,52502238.20833356,34012853.88888893,3894.452066245866
9773844,2023-07-21,2023-06-14,347170577.40253454,47421568.99999996,1424582.9999999998,5087.914122143273
9782364,2023-07-18,2023-06-06,151900348.8195928,24863118.58333333,2993135.222222222,2706.274188185934
9820702,2023-08-09,2023-07-11,385069413.84048545,34680793.87500012,4452164.944444446,6947.773247399501
9835783,2023-09-12,2023-07-18,388244759.50551087,66532220.08333295,27063967.888888866,7773.4063432170215
9835783,2023-12-10,2023-10-08,341362658.58999,72500966.41666728,32886800.33333332,7353.316938580893
9852690,2023-09-05,2023-08-05,442993477.4747014,37040966.08333333,7659912.888888892,6786.71007459525
9882279,2023-08-19,2023-07-11,398551107.2404618,67329654.16666657,49620461.33333327,3423.776757483778
9885427,2023-07-14,2023-06-28,227003000.80804354,25068127.49999995,4952538.222222216,3275.991496874456
9888869,2023-07-16,2023-07-05,122374416.60124278,10465116.999999989,2768076.0000000023,1519.3054224975638
9937270,2023-08-03,2023-06-22,366670830.6389697,29279980.70833332,1307144.166666667,8776.14201971037
9960198,2023-07-18,2023-05-16,98462.04089643307,10803024.916666668,20066529.888888888,13.139408496463119
9423293,2023-09-12,2023-08-27,171163365.42936805,30658190.33333337,18127611.888888847,2147.4263607507273
9423293,2023-10-23,2023-10-02,170022408.00270426,39538512.5416666,28636227.999999944,2230.174639752372
9473224,2023-07-24,2023-06-22,502245185.03654075,50379851.708333425,4605977.166666663,5410.7010931308405
9473224,2023-10-14,2023-09-15,476579376.71637934,65801640.12500003,7568187.499999996,6051.7200918644385
9473224,2023-12-01,2023-11-03,480893139.87346035,60767186.45833326,4974376.611111108,7774.670707855097
9575199,2023-07-03,2023-05-27,48685157.411594175,3824319.4166666633,0.0,589.4173876979098
9642203,2023-09-07,2023-07-31,524729083.65999496,67712149.37500006,38761303.33333341,5277.307096920076
9646429,2023-12-23,2023-11-09,984543545.2611881,90641959.95833309,9614884.555555549,10001.162406751007
9650810,2024-01-01,2023-11-24,414469669.1814928,34707258.624999925,11839258.055555556,5422.70622955029
9667899,2023-09-04,2023-08-02,316386335.16495734,29324120.58333331,14311674.777777784,3362.472476602405
9682887,2023-07-13,2023-05-06,23545565.4490745,5683605.958333327,4987326.833333335,337.61031156310054
9782649,2023-09-26,2023-08-06,816521162.2316004,93274500.04166666,22341012.77777778,10756.357495887598
9782663,2023-10-03,2023-08-19,118133805.7281529,34157106.208333276,22290363.16666666,2329.8293683633888
9821835,2023-10-27,2023-09-04,192523175.68508017,91715388.37499999,91822460.77777836,3031.605161367106
9860635,2023-10-05,2023-09-16,247427906.78167462,34983484.79166669,18260334.666666664,3277.3043878489702
9948279,2023-08-31,2023-06-20,697406225.8653442,70261208.87499963,15156672.055555606,19616.719878424938
9964352,2023-10-08,2023-08-20,674676109.872801,92193468.25000049,26850209.888888903,22247.240099188
9964352,2023-11-26,2023-10-22,120114399.302156,61010659.66666666,56415922.3333334,22569.663019473086
9211133,2023-12-29,2023-10-27,768925660.7596816,77191023.4444442,23575210.888888653,11109.464352131947
9278868,2023-07-10,2023-04-30,120538381.18841712,8707695.208333336,1124975.9444444447,1843.4151440013025
9278868,2023-11-10,2023-10-20,379144384.6745334,25110508.041666597,7040607.611111114,4159.300393866038
9402017,2023-09-14,2023-07-17,700901253.9156005,68352983.83333325,23578779.000000086,9403.327754973705
9420265,2023-08-10,2023-07-13,170163309.95147684,29329482.54166665,20173462.72222221,2632.014803533405
9426128,2023-10-28,2023-08-08,619741237.3019376,96364945.08333312,44231593.55555565,11263.406704231837
9441350,2023-09-06,2023-08-01,201458221.86554036,37868410.666666545,27840261.555555534,2923.6227942080964
9460784,2023-07-07,2023-06-02,112816602.75299342,6713757.375000004,2101693.944444445,1212.9564076856632
9514377,2023-09-21,2023-08-31,182989148.96164134,24531399.749999955,15997200.222222183,1690.1791671697572
9515632,2023-12-08,2023-11-04,212126356.4848129,27554914.29166665,13629911.500000002,2881.4887986515473
9610640,2023-07-02,2023-05-24,857234.4111772763,1231314.5000000007,938247.0,53.43526004903273
9613434,2023-07-28,2023-06-16,537198620.5676826,32509136.291666754,5313328.27777778,5913.374958508775
9626364,2023-07-23,2023-05-30,177792253.50568756,25462099.541666675,17500637.722222224,1921.163991228388
9626364,2023-10-05,2023-09-01,191628414.0411621,36990853.7916667,26200691.833333336,2943.5241410031713
9685097,2023-07-30,2023-06-28,437743283.98109937,70228699.12500003,3223730.777777781,8402.00593237607
9687758,2023-10-28,2023-09-11,585849209.2611669,56844510.66666643,6976184.222222219,10151.417265977841
9717589,2023-09-30,2023-07-28,725912184.0030509,113421162.2916667,53693398.77777781,9757.355966663377
9727637,2023-12-31,2023-12-09,171788506.91924378,33280092.083333306,19199363.666666664,2479.5798370082653
9737058,2023-11-24,2023-09-13,506014146.7952173,152251020.99999937,47644218.888888925,9065.81725541717
9751377,2023-07-12,2023-06-13,143938994.9795264,13046645.624999966,4657447.500000003,1966.7356146380664
9754082,2023-08-12,2023-06-22,245508260.44929963,47586887.83333319,29944328.88888894,4012.621172619558
9842736,2023-10-28,2023-10-14,417914344.43981797,23790881.833333336,5544193.000000006,2811.3412553361068
9864394,2023-09-20,2023-08-05,866549571.3428271,86216893.74999972,20950983.222222216,10844.879318707266
9284843,2023-08-17,2023-05-22,394269976.2828006,49470690.208333075,32023201.27777784,5137.723039243444
9347853,2023-11-09,2023-09-30,482248383.4357348,30191044.000000007,5559940.666666667,10157.362632682243
9442756,2023-10-26,2023-10-15,138588128.1322246,21201450.83333331,4315079.777777778,2310.4186015926857
9466374,2023-07-02,2023-05-05,918145.7987341618,1675802.9166666674,1054368.333333333,19.56409399487074
9467550,2023-08-14,2023-07-11,519663625.17566496,38013004.79166671,11832208.722222246,6606.80912594048
9621883,2023-08-03,2023-07-05,413848730.57055587,34861585.4166666,5027708.4444444375,6552.600121151328
9643219,2023-08-24,2023-07-09,504825001.45997024,54592880.874999866,9109042.944444444,9829.578916811904
9643219,2023-10-29,2023-09-06,450741365.34987843,64001296.66666679,14357873.222222196,9743.831461014295
9713492,2023-09-09,2023-07-27,761087718.5705143,83996439.58333363,18938912.333333325,10237.085821924426
9726229,2023-08-21,2023-07-14,317416103.48457843,71629560.70833328,47390082.111111134,4703.864175403837
9741712,2023-10-08,2023-08-11,519299077.86830884,67884999.54166673,10590761.05555557,15811.282332896571
9762493,2023-12-03,2023-09-28,366345442.83467263,66204686.70833326,44497553.83333349,15414.339319127044
9782170,2023-09-08,2023-08-04,137707389.52327797,61837661.708333306,53154515.777777664,1968.9285518790457
9805647,2023-09-29,2023-09-18,111392433.40890342,19615393.958333284,7857228.111111119,1628.2114315344613
9865233,2023-08-20,2023-07-21,105501145.87402238,33913935.79166672,22845282.83333339,2561.2252132898075
9875666,2023-09-01,2023-07-16,760454465.9452004,86933055.0833332,24017314.777777784,9825.871743103755
9360025,2023-09-24,2023-08-08,892360171.6701453,56112271.5833333,12049849.33333335,9966.52526578187
9415222,2023-08-22,2023-08-01,338820391.7569292,15464737.708333319,908751.9999999999,4246.05163449688
9511014,2023-09-05,2023-08-07,329859491.7519075,55239713.74999995,26637904.444444396,4479.961773523613
9573866,2023-09-03,2023-07-06,759009602.3525627,112701380.45833349,29540573.222222306,12174.7494862718
9587154,2023-10-29,2023-10-05,128662935.32446295,17532433.750000004,9775548.722222203,2069.284871122044
9597991,2023-07-10,2023-05-12,9873203.395067804,4830263.208333335,2664530.8888888904,161.04031374376794
9756925,2023-10-09,2023-07-10,877327029.7898673,166735207.16666707,109509493.11111093,9804.333751448487
9759680,2023-12-28,2023-09-28,876280987.425058,169320610.87500048,96789364.00000043,21505.97148740222
9817559,2023-12-23,2023-11-02,140262047.8835293,38517534.25000004,33055073.888888903,1629.904667725588
9827396,2023-11-26,2023-10-02,829033963.06316,103868188.12500003,25179729.444444496,11343.698299183152
9897975,2023-08-14,2023-06-12,177363744.97425452,51845524.250000075,40637136.2222224,2279.388239640762
9897975,2023-10-24,2023-08-29,372725853.3017479,66428733.041666545,26580390.611111127,7903.64043841023
9081356,2023-08-13,2023-06-03,32887221.210204527,12931407.38888892,0.0,3678.058736363818
9435129,2023-10-12,2023-09-19,327315134.462374,54414295.54166673,11078853.722222237,4348.907295575856
9456147,2023-07-14,2023-06-23,84899867.83196403,7962848.2916666595,3852814.8333333344,842.1379507758036
9551947,2023-11-14,2023-05-28,2125580318.0121558,313714237.4166649,34679598.61111109,31428.263344006642
9597795,2023-07-18,2023-04-27,0.0,23100371.666666657,26180421.22222222,6.776873635943744
9599913,2023-08-14,2023-06-03,325262077.4959112,42701662.791666746,28615726.94444448,3444.869839521413
9648099,2023-07-13,2023-06-04,797777.9606326361,14042718.083333347,12612764.666666657,71.05838869844244
9648099,2023-08-17,2023-07-21,116085886.50464049,32157000.95833329,19996114.944444425,2461.8828486971515
9648099,2023-10-11,2023-09-06,327844356.1069479,41285054.416666664,11088382.222222207,6514.289467437803
9700392,2023-10-07,2023-08-19,502145494.0229833,105915712.50000039,21123342.444444425,9503.280993051232
9735830,2023-07-09,2023-06-28,79785153.78442757,12076487.041666666,6693274.0000000065,962.2444792189881
9735830,2023-10-30,2023-10-13,157653417.18311557,23868031.416666668,5360814.0,2780.957925875469
9760081,2023-10-25,2023-09-20,784223478.6751555,64653028.37500018,6536960.888888891,9251.121034222982
9767481,2023-08-27,2023-07-27,293639405.0466813,54113322.25000013,30963269.222222317,3875.9822150738073
9846548,2023-11-24,2023-10-04,633479245.2561747,93627372.58333352,30860364.444444448,9452.326295633571
9855434,2023-11-18,2023-10-03,521034447.5582201,54407798.24999979,14752624.555555584,7525.324368801344
9855862,2023-08-16,2023-06-24,525943749.6517636,79456569.29166664,8461478.0,13398.85343872062
9138094,2023-07-21,2023-07-12,117170961.79334798,17435977.75,10899784.222222218,1073.2678790046853
9138094,2023-08-14,2023-07-31,69974743.38557366,22242146.94444447,19256517.66666667,1307.4047836976306
9138094,2023-12-10,2023-11-17,110196605.27938564,39394048.22222225,33524559.111111127,1282.4268387062184
9423578,2023-09-05,2023-08-12,234365147.15373918,26472755.833333295,11400570.222222226,3010.424505426912
9490844,2023-07-20,2023-05-18,0.0,22222741.666666664,20148619.111111112,23.70850047493391
9543419,2023-08-01,2023-07-03,303656115.57883155,34587686.79166672,18813574.166666668,3784.598629713811
9548213,2023-08-21,2023-08-01,232087429.66598436,36936805.750000015,27535279.666666683,1900.533238922881
9548213,2023-10-02,2023-09-11,251697637.02321038,38242267.374999925,29653600.555555563,2041.5092380599247
9548213,2023-11-03,2023-10-20,234563591.0773057,25941943.624999996,14018052.666666692,2009.7524031075352
9598945,2023-08-21,2023-07-21,844978419.0203904,74240535.95833346,2570642.7222222215,9223.661598614271
9604287,2023-12-15,2023-11-27,158161082.01900044,19506807.124999974,8585822.611111108,2174.4582939229863
9613410,2023-07-06,2023-05-26,52007730.63440944,4276757.875000001,1143861.0555555555,620.7667961753406
9637131,2023-08-13,2023-07-09,139893016.20549792,36942778.16666664,30051923.77777794,2297.084319152637
9637131,2023-11-24,2023-10-28,255759344.34193498,32155335.333333302,18263899.000000037,3201.3803700677945
9725744,2023-07-06,2023-06-21,67487195.86648452,5391645.999999999,424049.88888888893,773.0663634877519
9730220,2023-08-28,2023-07-06,900826959.0892473,61633081.24999969,20013221.666666646,9561.407547811157
9792034,2023-10-31,2023-09-12,770999845.031162,84582931.87500012,24433918.666666675,60694.38346944524
9800867,2023-08-09,2023-08-01,50247782.8247427,6186309.458333333,1231062.5555555555,1464.0301671923557
9866627,2023-11-06,2023-10-05,476171674.69312084,60767620.87500006,35298930.333333224,4516.112876592949
9919656,2023-11-12,2023-09-30,422404455.4269947,74549888.29166663,45949322.666666664,5432.114581268455
9931549,2023-07-24,2023-06-13,396385195.7641312,44079131.41666668,9873662.333333334,5392.440207674326
9343479,2023-09-26,2023-08-14,1031674241.7779479,51626482.3749998,8521700.499999998,9839.227211270141
9448358,2023-07-05,2023-03-29,25206374.806309853,9607445.249999998,231832.77777777775,813.7319289291914
9476692,2023-08-03,2023-07-01,182418962.05693394,39052224.25000003,21392407.111111216,3307.8512960732487
9569956,2023-11-13,2023-10-03,365037579.5093304,34658922.45833326,17598780.611111145,21496.28004609968
9595979,2023-08-12,2023-06-22,280467105.0615757,28228227.625,10167825.611111108,3765.2403129202257
9608702,2023-07-05,2023-05-30,111398771.36668196,3573240.1249999963,97289.1111111111,1240.5221881496757
9608702,2023-11-11,2023-10-20,190275492.7079443,18902048.750000022,8054844.6111111,2474.329061968429
9647291,2023-10-30,2023-10-13,162982170.47665444,14127229.458333349,5301192.166666672,2147.8009788549653
9687071,2023-11-20,2023-10-06,708035762.9234172,103511936.12500076,11758231.333333328,9218.830041952659
9687655,2023-10-28,2023-09-15,575971324.0057399,52350328.33333348,4097702.66666667,9848.992271820813
9699440,2023-07-08,2023-05-30,146800396.30934456,10826806.791666666,1211657.9999999998,1424.4541599858396
9708954,2023-08-01,2023-06-08,299709794.8568468,37125977.95833322,15638331.166666633,4617.602976615262
9708954,2023-09-30,2023-08-16,652467481.955415,52523106.45833311,4296044.500000005,10227.216815649628
9758765,2023-10-08,2023-09-13,135786188.7213745,21146535.041666683,9893426.72222223,2226.3995260794604
9838448,2023-08-11,2023-06-05,617393189.2888204,78190536.66666684,7939358.88888889,9954.318568841032
9860661,2023-10-25,2023-09-26,355215115.8595511,53958150.99999984,28242540.111111064,4742.588519677818
9897987,2023-12-28,2023-10-31,961227572.6457071,105558774.2083331,48530111.5555556,11206.654668084206
9914515,2023-11-07,2023-10-22,165054025.20854238,29377372.916666687,17998260.777777765,2336.516249373362
9943566,2023-09-12,2023-07-11,645707282.9489436,75384812.20833336,31172353.166666504,10314.886991391102
9960239,2023-08-12,2023-07-01,505637291.24961936,80439062.70833364,13640303.222222248,9701.301155408986
9296274,2023-07-08,2023-05-26,82430424.08790073,4897855.08333333,826264.2222222222,1266.8761186639388
9302841,2023-12-18,2023-11-21,44559944.84979256,12571479.916666681,9416322.666666673,656.083754674578
9448360,2023-08-23,2023-03-31,729735983.456575,129378328.083333,31071402.44444449,9362.81459975303
9519626,2023-08-10,2023-06-28,751690055.9004589,47162506.62500002,6963172.61111111,9006.52722514118
9520649,2023-11-04,2023-10-04,278359450.3886796,36251384.541666806,19602383.61111114,4007.592033600735
9520649,2023-12-19,2023-11-21,186560774.3440771,33179682.25000005,17164599.666666698,3265.0899768025993
9539377,2023-09-24,2023-09-05,570376481.1417443,23473272.33333332,3339819.0555555546,2475.301771481971
9546100,2023-08-27,2023-07-02,1009088565.5526288,59823955.20833316,15461385.722222231,9924.94663916513
9546100,2023-10-07,2023-09-13,154166317.41573408,27127876.20833335,17923639.277777802,1658.7626296903254
9618018,2023-09-03,2023-07-27,484717341.7552108,38437384.91666663,985571.2222222222,8223.56105912304
9632284,2023-08-22,2023-07-09,841106248.8764192,51377102.83333328,8699289.111111108,9304.877381463308
9648104,2023-10-17,2023-08-28,273111883.30660754,59085015.16666647,33341707.111111123,5413.45454189025
9659921,2023-09-17,2023-09-02,173178361.80600575,12827701.791666675,2347326.944444445,2865.1373760950055
9669976,2023-10-20,2023-10-04,119493372.0613276,17041346.833333306,10343878.555555554,1439.8842560774942
9730256,2023-08-04,2023-07-07,256329995.1739626,29548096.500000056,19978707.888888884,1992.3435473363734
9730256,2023-09-11,2023-08-13,311600150.52911645,32226144.70833337,20277208.055555556,2279.408887652536
9732400,2023-07-07,2023-06-09,281574.80525269074,7749149.958333333,12630365.333333332,11.634594985891333
9751298,2023-11-17,2023-10-08,307484223.91679084,42334729.66666678,23136061.222222228,5322.563668991675
9757802,2023-07-07,2023-06-23,96079235.38681139,6982646.66666666,3215901.3333333354,963.0461150833461
9757955,2023-11-01,2023-10-12,91166817.76482064,44911299.33333329,15596016.27777781,2084.0794831408166
9853931,2023-09-16,2023-07-19,1301153818.8162248,103651702.91666721,50647680.66666667,8276.115934660747
9866641,2023-09-13,2023-06-22,626051273.8402454,152560391.20833382,38985024.27777781,9946.565360018605
9874650,2023-10-02,2023-09-10,159948958.4516645,40009490.62500008,30448035.11111112,1837.2724303260552
9883015,2023-08-16,2023-07-12,207701568.63093802,30972144.124999993,23829980.444444455,2064.615619950199
9910363,2023-08-01,2023-07-07,745579259.6822336,29701236.500000067,8066464.1111111175,4919.216327730612
9910363,2023-11-03,2023-09-13,745149852.2267749,59374248.916666515,23556773.44444435,8226.640124455695
9912438,2023-12-05,2023-11-02,337568562.3711057,39217794.416666955,8722588.555555567,6535.283713899119
9941532,2023-09-25,2023-08-31,182274265.21741298,23451912.791666612,10433259.833333341,2922.292832449019
9975363,2023-11-23,2023-09-18,,48614095.833333336,12230391.222222235,12373.817355178942
9277632,2023-09-05,2023-07-09,844666072.0109295,57337395.375000045,15539158.833333334,9547.636122514006
9396218,2023-08-22,2023-07-14,251163118.4685842,39781229.04166658,26705482.27777776,2804.2683283617357
9451173,2023-08-29,2023-06-09,413241042.18649703,69233335.70833349,39869224.49999983,5035.664122781487
9459644,2023-09-13,2023-08-19,175368733.56093755,28743535.708333336,16522198.944444446,2754.7671632953006
9478951,2023-07-20,2023-06-02,196015436.62814692,22579773.125000034,8154407.944444433,2749.3047067178127
9478951,2023-09-28,2023-07-26,608700241.267947,74845586.2916669,10149635.611111104,11686.157865885338
9509607,2023-07-18,2023-04-22,212322944.8666405,34676715.12499995,12156997.500000011,2243.5194613893846
9552317,2023-09-12,2023-07-28,773917902.9991069,52263829.58333309,10540789.555555556,9586.417305131732
9598957,2023-10-07,2023-08-28,855065305.0006818,93683187.00000057,6171670.555555562,10481.110931159874
9600970,2023-07-03,2023-06-19,55427205.47509869,3831914.666666664,0.0,587.2491551425417
9623116,2023-09-13,2023-08-14,242088597.00357845,61726930.416666895,20316129.55555564,4111.40801219068
9649110,2023-09-07,2023-08-10,194863167.30093983,33529639.000000056,17004421.88888887,3526.5585632006923
9679282,2023-07-26,2023-06-13,550874751.3613253,28834580.666666646,6292844.666666666,5363.182689596276
9679282,2023-09-26,2023-08-15,896864164.9326266,38648867.83333337,2188355.2222222225,9102.289073305083
9679282,2023-11-29,2023-10-12,996933879.752034,55814835.91666682,13331001.444444403,9936.594675107639
9689902,2023-08-13,2023-07-23,93170456.78531839,25282613.41666669,14680688.11111113,2069.519575966171
9705421,2023-07-18,2023-06-16,30562748.813268717,19209045.916666627,16477331.22222228,520.7417862988691
9736420,2023-07-20,2023-05-30,106975094.07493784,26058949.58333333,10287414.000000011,1165.1078869576977
9802322,2023-11-10,2023-09-24,535497573.68025804,84732733.58333331,22139991.55555559,8730.76311053245
9890630,2023-08-03,2023-07-19,329360384.09585035,28734619.874999978,12391840.22222223,3050.135091138563
9890630,2023-10-09,2023-08-27,619739414.6672076,73110157.24999987,36862324.00000005,7539.35648547315
9897133,2023-07-14,2023-06-11,244891782.4073559,23349932.124999907,1208330.7222222239,3981.417251217832
9139995,2023-12-14,2023-09-24,727152776.1723927,102017378.75000021,31992483.222222243,12458.218029030544
9273791,2023-08-06,2023-07-10,472278804.2558689,58008585.916666605,3181641.6111111115,7141.161099391231
9273791,2023-09-10,2023-08-16,213344263.9536565,51423894.70833331,6288200.833333326,4600.275984621109
9452921,2023-12-21,2023-10-19,636814024.158307,127585121.0833329,30579303.444444485,9570.282763224754
9521837,2023-07-08,2023-06-05,45874474.76803873,21551762.916666683,6795093.611111108,336.0404165727503
9561916,2023-09-09,2023-08-18,128832571.94549659,15130275.874999994,5805966.555555549,2110.063848486282
9588873,2023-11-22,2023-10-30,71180233.84848052,18621593.791666653,10158944.999999987,1579.8415914200107
9595395,2023-08-23,2023-07-14,602124169.0593108,46361862.083333395,12487357.555555563,7969.910956869029
9626962,2023-09-07,2023-07-08,696244496.4100666,68874001.08333349,22715435.888888884,9297.776576878116
9692662,2023-08-20,2023-06-04,377524523.2593711,93062717.5833339,69598768.77777767,5288.003929464383
9692662,2023-11-08,2023-09-13,616920177.6825678,106487265.62500033,44443910.3333332,9444.23337690515
9696852,2023-12-09,2023-10-25,539443371.3514392,53428752.00000011,4976714.111111115,10351.36814674327
9711717,2023-08-06,2023-07-04,518891184.7092966,78276871.29166663,8148889.555555558,7086.538986117209
9711717,2023-10-17,2023-09-04,450782723.3220992,92670657.08333339,19689216.77777779,7388.338524975776
9751224,2023-07-19,2023-06-18,287767135.8614253,34088548.54166674,7372784.777777779,3992.160697826597
9751224,2023-09-02,2023-08-09,248904061.6221738,38640705.45833338,25067106.33333334,2648.3843583554235
9792436,2023-07-22,2023-06-16,447109825.6482856,25508022.583333284,1859560.1111111115,5705.181852305118
9865362,2023-07-04,2023-06-14,14833023.007406002,5668138.666666666,5000608.555555556,188.9283063480174
9875616,2023-07-28,2023-05-20,151075434.38093573,44871078.95833341,44537015.55555548,1995.0941412489947
9897561,2023-11-04,2023-09-09,574717671.11203,99015430.58333302,36599092.2222222,9216.195787532459
9230294,2023-09-11,2023-07-24,630936594.9448328,113319902.84722279,11226923.722222222,10314.30366060794
9288447,2023-12-05,2023-10-05,949253769.2139106,112444239.91666596,54365839.444444455,10022.315256269654
9301720,2023-07-21,2023-06-05,372918245.360001,20255114.208333313,2163199.944444445,4029.019416918928
9343417,2023-08-13,2023-07-02,833731425.1918263,48367782.66666667,5636561.555555557,9385.610976630349
9403140,2023-07-26,2023-06-13,575304204.0274893,29802719.374999978,434326.38888888893,6384.2951399481835
9403140,2023-10-19,2023-08-31,909031702.5349532,59012077.58333318,10909534.666666683,10574.243649798393
9414905,2023-08-25,2023-06-13,912753734.8587639,56441602.2083334,23351535.27777777,12631.214383005885
9414905,2023-11-04,2023-09-12,952146608.8291119,60920617.33333324,18367563.11111115,9769.951028174793
9469883,2023-12-07,2023-10-10,1134556193.821359,124651427.33333296,30644472.94444439,11562.212240460402
9656864,2023-10-25,2023-08-28,586413737.9565222,47808417.04166676,9552787.333333347,10154.528190183859
9762883,2023-07-12,2023-06-13,155012850.0728617,11430609.666666687,1642103.6666666665,2198.2123296381837
9845879,2023-08-08,2023-06-28,589902052.0766718,44655325.000000045,1863704.3333333307,9568.225516477482
9322774,2023-09-07,2023-03-23,57534464.51159712,54058742.83333337,48538180.88888897,210.24811259076418
9380805,2023-07-16,2023-06-04,203199608.9536924,30907006.0,1416.6666666666665,3286.681432210793
9380805,2023-11-24,2023-11-11,249918043.91551358,28393536.166666657,2489582.944444444,2883.3613370375083
9404443,2023-09-10,2023-07-29,506390870.53007483,50599868.04166681,19013118.27777778,6913.94380682406
9478779,2023-08-04,2023-06-29,855340876.8725729,41199710.500000045,5216857.999999998,8789.94303414464
9491197,2023-07-13,2023-06-16,168865231.62714878,13877913.83333336,6015166.666666657,1786.1136225915207
9542685,2023-09-02,2023-07-22,422776221.6736453,34842094.08333336,10788147.111111103,6789.217907719383
9575216,2023-07-14,2023-06-16,264854945.7085137,22858693.00000004,8098911.444444449,2690.0453012449093
9600839,2023-09-19,2023-08-05,382179232.1872642,38642809.29166668,22880385.94444444,3431.0315346135108
9660085,2023-08-07,2023-06-15,580958497.8539586,69878537.0833331,32795514.111111064,6295.716754698289
9697894,2023-12-25,2023-12-07,130037496.7291737,27905049.24999997,7391577.333333339,1977.5380117903094
9721360,2023-09-19,2023-08-04,386926614.9066833,82350650.41666672,46885015.88888885,13920.598161214446
9723710,2023-07-26,2023-06-19,215346580.31501353,29524673.208333336,15344807.277777754,3364.841644141598
9805726,2023-10-23,2023-09-08,404593082.55263805,105665673.2083334,7162578.833333334,9627.99528443099
9811983,2023-11-05,2023-10-12,200137440.44696516,42363564.74999998,11145990.499999998,3037.7483522119205
9913808,2023-09-19,2023-07-19,881758963.0320325,73982605.66666749,26649694.888888862,11327.50427936878
9919668,2023-07-17,2023-05-09,520175328.50531894,30602365.625000004,18441.222222222223,5249.65155496945
9919668,2023-10-15,2023-09-15,184231981.25499988,56693319.583333336,45846523.6666667,2730.3015225609615
9932098,2023-09-26,2023-08-03,703593081.3757545,102646944.8333331,44068087.55555575,9223.537666309747
9966087,2023-08-15,2023-07-05,591039477.8785117,77336736.20833334,14703551.222222213,10058.523708998504
9975375,2023-12-30,2023-11-02,,47246955.7083334,7156808.277777778,11922.91357788085
9294214,2023-08-09,2023-06-13,611331104.40194,43864130.37500001,8318080.166666666,8542.907065542371
9429754,2023-08-04,2023-07-04,249624012.3761004,47777408.79166659,7462112.222222224,4133.691443481825
9437311,2023-09-02,2023-05-23,734367721.184954,100528183.16666709,6484334.55555556,10975.535215958173
9465150,2023-08-18,2023-06-30,889788898.1986196,57725770.91666649,16978103.999999985,9966.527434683234
9465150,2023-12-18,2023-11-11,230360052.95274225,41143601.41666672,30824942.111111093,2831.1527919770924
9527180,2023-10-12,2023-09-13,144100570.03947362,60035602.79166677,25636074.611111067,2540.428090678181
9536997,2023-08-08,2023-07-16,328140593.8934511,53978354.083333135,4048162.777777777,5008.85843505003
9536997,2023-11-03,2023-10-07,343902472.25868815,60582721.87500004,9243609.27777778,5041.862615017863
9580259,2023-11-06,2023-10-05,71151452.96004795,17734998.666666664,9918872.888888873,2383.0974252091637
9580259,2023-12-04,2023-11-21,34857723.46163242,9283363.91666666,3650704.6666666684,1573.8985298648627
9689835,2023-07-03,2023-05-27,18675653.83152204,3393033.5833333316,0.0,369.3131282683777
9701011,2023-07-10,2023-06-08,83679798.0808276,22623797.083333306,5219263.499999989,1449.646347367155
9713210,2023-08-15,2023-06-24,457907723.3055999,35128213.24999989,4014974.0555555564,8733.389272551705
9718997,2023-12-14,2023-10-19,772208714.0757219,95946101.87500003,41642332.99999998,13484.792807970833
9738090,2023-12-28,2023-08-28,622950448.0866513,114673404.62500025,59351252.83333334,11764.902394128225
9740146,2023-08-08,2023-06-27,619776743.6939951,70456940.66666675,13988174.222222226,8426.576642081895
9840506,2023-09-13,2023-08-17,333879781.3042614,47338983.79166669,29321345.0,3507.6891086164596
9863871,2023-07-26,2023-07-03,353294698.941901,38633677.333333276,25975199.111111112,3534.4683234123127
9863871,2023-12-11,2023-10-18,807127738.7592818,100152686.29166612,35680321.5555555,10954.993208140115
9875721,2023-07-23,2023-06-29,115271215.63322558,43529618.70833308,18628296.833333362,2182.052176030939
9942196,2023-10-03,2023-08-23,308598468.6657281,42066702.70833345,30696005.611110948,4130.086391420254
9291963,2023-09-17,2023-08-16,570099957.9851809,67164621.33333315,3975178.0000000014,16268.016484661453
9291963,2023-10-18,2023-09-30,222097525.30529964,26415163.666666668,4129456.777777778,2676.7567057840743
9311244,2023-11-12,2023-09-16,445124534.98085064,132134741.37499925,29391799.61111112,11403.928669011339
9440978,2023-07-03,2023-05-01,20978304.797136184,2436877.624999997,1117873.7222222225,253.25080376577515
9476666,2023-08-14,2023-07-18,203280048.48062965,50387534.166666865,40848614.333333455,5571.352308782156
9476666,2023-09-10,2023-08-30,215581824.30213356,20708147.958333384,7080511.3333333265,2057.662832831368
9476666,2023-10-07,2023-09-22,188901867.40343717,28664048.833333373,14449480.555555573,11671.11932424539
9476666,2023-11-10,2023-10-26,164812104.19670787,27986918.375000015,13417170.666666681,2127.0029025369813
9491680,2023-12-15,2023-11-18,181413235.57341102,32198763.458333354,7503036.888888889,2205.3692878784977
9498389,2023-07-16,2023-05-24,268542163.1922217,33601585.33333335,1107808.7777777778,3850.7413871588055
9498389,2023-09-27,2023-08-02,946073043.1383142,123711991.54166773,19418640.999999996,29320.363274033614
9552331,2023-09-30,2023-08-09,856785139.2959666,54088517.166666664,12828919.666666655,9617.899305201065
9626118,2023-08-26,2023-07-27,235240075.8832563,28405463.124999993,19762132.61111106,3408.6183158341464
9626118,2023-10-08,2023-09-09,186763790.8019199,33113072.416666728,18453924.999999974,12187.58719244449
9718179,2023-08-02,2023-06-17,449710327.2545552,60648167.12499993,18740155.888888855,6359.0577944317865
9719367,2023-07-27,2023-06-13,415811491.8669971,30603601.166666657,5851823.111111113,6090.9878186392825
9747613,2023-10-05,2023-08-31,662737656.771416,41569615.74999993,2869379.0000000014,8920.730432246723
9747613,2023-12-05,2023-10-21,637037416.9290019,53032762.79166687,8060420.611111112,9464.79057460848
9817523,2023-07-17,2023-05-28,8913216.217242895,30123160.708333325,33160677.88888884,356.6302080879608
9817523,2023-10-06,2023-09-25,111906628.57887909,21259294.33333325,7831764.000000014,1911.1396759355828
9941350,2023-11-24,2023-09-30,811498890.1568117,102830109.41666622,39726844.77777778,10822.197328099675
9950313,2023-11-29,2023-09-22,945149648.0064863,102158211.99999993,39513617.55555558,9823.996531423623
9274460,2023-07-16,2023-06-30,107201617.25614178,14706495.916666646,11459618.777777772,1302.59429526406
9333527,2023-07-24,2023-06-14,465044326.1926379,44005628.87499996,1153520.833333333,5033.465775095396
9456549,2023-10-13,2023-08-25,543218211.3075142,53034925.1250002,20481903.166666716,6714.639021132668
9475727,2023-08-24,2023-06-26,769127823.0610336,44367421.58333329,10466110.444444433,9267.426584503013
9475727,2023-11-10,2023-10-27,106428424.42234294,10930405.95833333,3869765.722222226,1449.0401991540227
9500077,2023-11-16,2023-09-29,589706977.4980127,137424964.0833334,32761195.833333284,6534.84083492603
9520912,2023-07-23,2023-06-07,286296171.2760935,26711985.08333335,0.0,5280.373096907331
9539365,2023-07-18,2023-07-05,395502436.45893556,26470452.66666669,3979285.388888886,141458.83412769952
9539365,2023-09-17,2023-08-16,971546001.692536,59593151.04166676,14489062.222222213,74068.41183668417
9592733,2023-12-03,2023-10-17,329065891.49870765,34525565.20833335,18069776.94444446,3395.332253533029
9600982,2023-10-22,2023-10-15,115915733.3342825,13913714.749999994,5497864.22222222,1332.5398864960603
9603116,2023-10-03,2023-07-24,1059177783.2742355,84871596.33333395,27775570.88888884,12941.317021037781
9609653,2023-10-30,2023-09-23,477774123.2815477,44369696.58333348,9468665.666666668,7544.3790444848755
9620657,2023-10-18,2023-09-04,732230929.1610987,103937621.66666603,8397268.999999981,11664.447154184274
9638616,2023-09-17,2023-08-09,957287601.6990399,85711923.37499984,8600017.611111114,9601.266150050515
9713791,2023-08-02,2023-07-10,190701932.0630209,42750655.99999998,34415485.6666667,1928.3038257390253
9713791,2023-08-27,2023-08-16,159273944.05811816,19950201.37499998,6228851.000000001,2014.410586493977
9713791,2023-10-04,2023-09-23,159746802.43499836,20313265.374999963,8613016.000000007,1823.6252493421168
9713791,2023-11-11,2023-10-23,197709402.21432137,35105085.16666665,24715810.777777787,2033.2828718456124
9732187,2023-10-27,2023-09-14,199927435.61019424,76672308.91666667,66423161.22222235,3516.786998959474
9748722,2023-09-30,2023-08-05,751059786.1292269,123797716.79166706,22559688.499999907,10672.610436398605
9810343,2023-08-26,2023-05-07,940991800.6530644,46031932.37500004,14852056.611111099,12759.964099891045
9913664,2023-07-03,2023-05-27,30910115.415924497,3852590.6250000037,668341.7777777776,437.3030327311409
9229673,2023-09-17,2023-07-28,845213852.5126657,50856510.249999955,14434462.000000015,8879.67544267057
9344382,2023-10-24,2023-10-13,41466544.76229328,2527791.694444445,0.0,1115.9364084567876
9384318,2023-08-12,2023-07-26,257507283.91483516,39352635.83333347,5142235.555555549,3967.7154519473797
9441271,2023-09-07,2023-06-30,679724875.0084698,80142963.87499972,23570599.16666662,162339.9249091147
9490832,2023-09-02,2023-07-02,715963874.0487832,70395479.37499978,38047621.61111099,6793.613746850453
9491666,2023-12-12,2023-09-02,616203710.2717611,191019762.91666687,58311767.999999925,10652.687241881547
9576741,2023-07-08,2023-06-14,59116429.56869618,8437816.833333328,2635219.1111111115,1089.8149067464071
9616606,2023-07-08,2023-05-27,50311831.09525385,6089797.458333332,1710616.5000000012,1095.6590808624242
9626314,2023-12-24,2023-11-11,352625942.05456454,51614759.6250003,13012282.611111118,7516.142774542992
9675779,2023-07-13,2023-06-17,136956895.35897416,18786003.166666627,7192008.66666666,1860.8265862536887
9675779,2023-08-21,2023-08-01,74595450.88615566,36029873.20833337,31519987.1111111,1125.668471332719
9699294,2023-12-10,2023-10-30,671621130.1040932,72202560.0833335,8404888.77777777,11599.105445185449
9715452,2023-07-03,2023-06-10,0.0,3741790.000000001,4240695.33333333,27.336443060505463
9721578,2023-09-03,2023-07-27,529441150.9203374,46109162.66666687,5342049.77777778,9462.511512091565
9721578,2023-10-08,2023-09-21,172641397.9547958,20213789.91666682,7244221.333333362,2927.337499860063
9748461,2023-10-10,2023-09-23,249712620.9804134,31895238.91666664,9148278.0,3513.824579878666
9781621,2023-07-18,2023-06-18,250860424.33625048,38551551.99999998,1162794.3333333328,3915.7154792744477
9801744,2023-09-25,2023-08-15,305817187.3683844,65827700.25000023,60229590.888888955,3803.892709159187
9860271,2023-08-31,2023-08-07,293949506.34602064,28482312.62499997,6706848.499999997,4828.413689053427
9860271,2023-11-20,2023-10-11,513370623.9353355,42249845.625000075,5632276.611111106,8318.298072321166
9926477,2023-09-21,2023-08-14,814481631.2762995,63842366.2500001,3825594.999999999,8631.614204735375
9310630,2023-10-06,2023-09-05,235270997.7701123,58562158.4166666,46717012.44444444,2709.0259082659695
9474802,2023-11-21,2023-09-20,1003302563.9329153,65932051.25000019,24323280.777777836,8950.835026595982
9484235,2023-10-21,2023-09-14,153755816.75129938,9328797.291666668,2162956.277777778,2441.1355430870613
9490260,2023-11-06,2023-10-20,87791111.05407394,14245065.249999978,3705758.2222222253,4424.827877470494
9501265,2023-09-02,2023-07-29,792765914.7446741,80913387.7500002,6530356.388888888,9654.716317545368
9597678,2023-12-20,2023-10-28,787712441.6762571,106243295.70833352,15011911.388888868,9795.048769610963
9621039,2023-09-24,2023-07-16,384632610.34605414,81904240.16666654,43607442.33333329,8076.171723896437
9689184,2023-08-26,2023-07-28,170226897.59579638,47389626.37499999,36478588.66666665,2592.011351330616
9689184,2023-09-28,2023-09-10,108632209.78141713,31401099.166666724,22465195.888888888,1647.0160294805878
9691620,2023-07-22,2023-07-03,179755468.18898654,18264001.70833335,7400287.000000001,1794.6161463987526
9729362,2023-08-07,2023-05-18,131344296.15483569,60665914.83333334,53885330.66666683,2052.162441790486
9741152,2023-08-04,2023-06-21,494571203.21277255,78362579.74999997,8127707.555555552,9180.11310745438
9786073,2023-08-18,2023-07-16,193351654.70144495,36219461.95833336,25419124.388888843,2034.8119539310533
9856232,2023-12-13,2023-10-27,832555773.2035654,89399504.45833378,20019704.333333362,10570.479094662685
9860269,2023-12-23,2023-12-03,123151557.46809064,15808012.45833334,4725307.722222223,2278.5859745388852
9878369,2023-10-12,2023-09-26,257391135.4214684,30141246.958333407,12777713.77777779,3129.758570211729
9951800,2023-11-09,2023-10-06,417719573.8119596,41072469.20833341,6804424.722222219,8272.084164512662
9973420,2023-10-21,2023-07-27,484094456.91697294,93978443.54166663,44862732.72222221,17924.338385709634
9973420,2023-11-14,2023-10-25,91787037.36530507,22293950.79166669,13690369.166666681,1649.3038465398886
9333266,2023-08-24,2023-07-15,674430687.9567145,39926508.91666672,16685592.555555524,6619.159245300507
9445629,2023-11-12,2023-09-14,836748745.484912,68702869.08333324,21491698.444444492,9973.646172592262
9460801,2023-08-10,2023-07-21,174766491.47265884,35750460.95833333,8735829.666666672,2448.9366761898236
9460801,2023-09-24,2023-08-28,161414980.5078516,48695708.20833336,18825137.000000004,2367.7556975019893
9460801,2023-11-03,2023-10-23,83482683.70608655,22212026.958333354,7690581.833333339,1206.6917950126422
9467598,2023-11-28,2023-08-12,942691601.3059543,95752041.12499991,37536981.277777776,12554.415201413363
9494113,2023-11-14,2023-09-11,929024283.7179769,111155500.08333315,56207328.55555535,11025.101616132355
9533050,2023-09-10,2023-07-23,1000508311.5064505,58286596.87500031,8730966.722222218,11487.769403903361
9533050,2023-12-19,2023-10-17,886543099.407414,70644051.29166688,19313912.50000003,11261.499868199113
9544059,2023-09-24,2023-07-28,838818128.9781835,110426522.91666731,54999363.33333339,9640.849485311202
9638630,2023-10-31,2023-09-22,1056813695.39926,81790831.41666709,3373428.055555559,9367.578373913342
9670743,2023-08-04,2023-06-23,259703314.72460267,40532133.958333224,11333891.500000013,5999.278665536568
9725897,2023-09-30,2023-08-15,522986291.2081879,54747889.08333375,14593128.66666667,9059.282890407976
9908437,2023-12-18,2023-10-18,560490547.9552188,69133786.0416669,25642810.3888889,10320.674358041757
9197002,2023-11-30,2023-10-07,724136656.7310023,126599092.74999985,21351739.333333343,9111.461364409277
9670420,2023-09-27,2023-07-25,384469804.0821716,69410204.5000002,36148830.22222232,7014.927193877281
9670420,2023-11-30,2023-10-13,533199160.16436046,57034387.58333324,18071215.333333313,7862.9984986663385
9727417,2023-07-28,2023-06-25,609276043.5973424,50586131.37500019,1401155.1111111105,7523.535626504709
