Day,Month,Year,"VLSFO Fuel Oil, IMO 2020 Grade, 0.5%",Marine Gas Oil,"Intermdiate Fuel Oil, 180cSt","Intermdiate Fuel Oil, 380cSt"
01/29/2019,January,2019,414.75,636.5,429,400.5
01/30/2019,January,2019,421.75,640.5,436,407.5
01/31/2019,January,2019,424.5,642.5,439,410
02/01/2019,February,2019,425,643.5,440,410
02/04/2019,February,2019,426.5,648.5,438.5,414.5
02/05/2019,February,2019,430.75,649.5,444,417.5
02/06/2019,February,2019,430.5,648,443.5,417.5
02/07/2019,February,2019,435,648,449.5,420.5
02/08/2019,February,2019,432,647,444,420
02/11/2019,February,2019,433.5,647,448,419
02/12/2019,February,2019,432.5,645.5,444.5,420.5
02/13/2019,February,2019,435.75,649,447.5,424
02/14/2019,February,2019,441,653.5,452.5,429.5
02/15/2019,February,2019,443.25,660.5,455,431.5
02/18/2019,February,2019,451.5,665.5,466,437
02/19/2019,February,2019,451.5,669,466,437
02/20/2019,February,2019,451.25,669,465,437.5
02/21/2019,February,2019,453,666.5,467,439
02/22/2019,February,2019,448,669.5,461.5,434.5
02/25/2019,February,2019,451,669.5,466,436
02/26/2019,February,2019,447.5,669.5,462,433
02/27/2019,February,2019,449.25,672.5,463.5,435
02/28/2019,February,2019,449.75,671,464,435.5
03/01/2019,March,2019,453.5,672.5,468.5,438.5
03/04/2019,March,2019,454.75,673.5,469,440.5
03/05/2019,March,2019,455.75,673.5,470.5,441
03/06/2019,March,2019,455.75,668.5,470.5,441
03/07/2019,March,2019,450.75,665.5,465.5,436
03/11/2019,March,2019,453,666.5,468,438
03/12/2019,March,2019,455.25,671,470,440.5
03/13/2019,March,2019,456,671,470.5,441.5
03/14/2019,March,2019,458.25,670.5,473,443.5
03/15/2019,March,2019,457,672,471.5,442.5
03/18/2019,March,2019,455.75,669.5,470,441.5
03/19/2019,March,2019,455.5,668.5,470.5,440.5
03/20/2019,March,2019,454.25,670,468.5,440
03/21/2019,March,2019,452.75,670.5,467,438.5
03/22/2019,March,2019,450.75,670.5,465.5,436
03/25/2019,March,2019,446.25,666,460.5,432
03/26/2019,March,2019,448.25,666,463,433.5
03/27/2019,March,2019,450.25,666,465,435.5
03/28/2019,March,2019,449.75,666.5,464.5,435
03/29/2019,March,2019,451.5,668.5,466,437
04/01/2019,April,2019,453.75,670.5,468,439.5
04/02/2019,April,2019,454.75,672.5,469,440.5
04/03/2019,April,2019,454.75,675,469.5,440
04/04/2019,April,2019,456.5,676,470.5,442.5
04/05/2019,April,2019,452.25,674,463.5,441
04/08/2019,April,2019,455.75,675,467,444.5
04/09/2019,April,2019,457.75,678.5,469,446.5
04/10/2019,April,2019,456,684,468,444
04/11/2019,April,2019,455,681,466,444
04/12/2019,April,2019,456,682.5,466.5,445.5
04/15/2019,April,2019,456.25,682.5,467,445.5
04/16/2019,April,2019,454.75,685.5,467,442.5
04/17/2019,April,2019,455,685,468,442
04/18/2019,April,2019,453.75,685,465.5,442
04/19/2019,April,2019,455.25,687.5,469,441.5
04/22/2019,April,2019,458,686.5,470,446
04/23/2019,April,2019,461.5,693,474,449
04/24/2019,April,2019,462.5,692.5,474.5,450.5
04/25/2019,April,2019,468.5,695.5,480,457
04/26/2019,April,2019,470.25,683.5,485,455.5
04/29/2019,April,2019,465,689,480.5,449.5
04/30/2019,April,2019,466,687,481,451
05/01/2019,May,2019,466.5,681,483,450
05/02/2019,May,2019,463.75,685.5,480.5,447
05/03/2019,May,2019,460.25,688,477.5,443
05/06/2019,May,2019,456,688,473.5,438.5
05/07/2019,May,2019,452.75,688,470,435.5
05/08/2019,May,2019,449.25,688.5,465.5,433
05/09/2019,May,2019,449,687.5,465.5,432.5
05/10/2019,May,2019,450.25,688.5,466,434.5
05/13/2019,May,2019,451,685.5,465.5,436.5
05/14/2019,May,2019,447.25,686.5,460,434.5
05/15/2019,May,2019,444.5,689,459,430
05/16/2019,May,2019,446,688.5,459.5,432.5
05/17/2019,May,2019,450,693.5,464.5,435.5
05/20/2019,May,2019,453.75,698,468.5,439
05/21/2019,May,2019,451.75,693.5,466.5,437
05/22/2019,May,2019,449.75,690.5,465.5,434
05/23/2019,May,2019,443.25,684,460.5,426
05/24/2019,May,2019,436.5,674.5,451.5,421.5
05/27/2019,May,2019,436.75,676,453.5,420
05/28/2019,May,2019,436.5,677.5,453.5,419.5
05/29/2019,May,2019,434.5,676,451,418
05/30/2019,May,2019,432.75,670.5,449.5,416
05/31/2019,May,2019,425.5,663.5,440.5,410.5
06/03/2019,June,2019,419,653,436,402
06/04/2019,June,2019,413.75,642.5,431.5,396
06/05/2019,June,2019,411.75,641,428,395.5
06/06/2019,June,2019,409.25,636.5,424,394.5
06/07/2019,June,2019,413.25,637,427.5,399
06/10/2019,June,2019,415.25,637,428.5,402
06/11/2019,June,2019,414.5,637,430,399
06/12/2019,June,2019,409,630,422.5,395.5
06/13/2019,June,2019,405.5,629,421,390
06/14/2019,June,2019,403,622.5,418.5,387.5
06/17/2019,June,2019,401,623.5,416,386
06/18/2019,June,2019,400.25,627.5,415,385.5
06/19/2019,June,2019,404.25,628,420.5,388
06/20/2019,June,2019,408,631,423.5,392.5
06/21/2019,June,2019,415.5,637.5,431,400
06/24/2019,June,2019,419.75,637.5,435.5,404
06/25/2019,June,2019,422.75,642,437.5,408
06/26/2019,June,2019,427,647,441.5,412.5
06/27/2019,June,2019,431.75,651.5,446.5,417
06/28/2019,June,2019,435,651.5,449,421
07/01/2019,July,2019,436.5,651.5,450.5,422.5
07/02/2019,July,2019,435.75,651.5,451.5,420
07/03/2019,July,2019,434.5,649,450,419
07/04/2019,July,2019,436.25,647.5,451,421.5
07/05/2019,July,2019,440,644.5,452.5,427.5
07/08/2019,July,2019,443.5,644.5,455,432
07/09/2019,July,2019,447.75,647,461.5,434
07/10/2019,July,2019,452.25,651,464.5,440
07/11/2019,July,2019,468.75,658.5,480,457.5
07/12/2019,July,2019,475.25,664.5,486.5,464
07/15/2019,July,2019,471.5,666.5,486.5,456.5
07/16/2019,July,2019,462.75,664,478,447.5
07/17/2019,July,2019,456.75,658.5,472.5,441
07/18/2019,July,2019,453.75,652,470.5,437
07/19/2019,July,2019,450.5,646,467,434
07/22/2019,July,2019,454.75,649,470.5,439
07/23/2019,July,2019,453.25,651,469,437.5
07/24/2019,July,2019,449.75,650,466,433.5
07/25/2019,July,2019,449.25,652,465.5,433
07/26/2019,July,2019,449,651,464.5,433.5
07/29/2019,July,2019,448.75,652,464.5,433
07/30/2019,July,2019,450,652,465,435
07/31/2019,July,2019,456,657,470.5,441.5
08/01/2019,August,2019,458.25,659,472.5,444
08/02/2019,August,2019,445.75,649,462,429.5
08/05/2019,August,2019,437.5,645.5,454,421
08/06/2019,August,2019,424.5,637.5,439.5,409.5
08/07/2019,August,2019,410,627,425.5,394.5
08/08/2019,August,2019,391,617.5,405.5,376.5
08/09/2019,August,2019,384.75,616,399.5,370
08/12/2019,August,2019,387.25,619,404,370.5
08/13/2019,August,2019,383,622,399,367
08/14/2019,August,2019,385.25,628.5,401,369.5
08/15/2019,August,2019,374.25,626,389.5,359
08/16/2019,August,2019,374.5,628,391,358
08/19/2019,August,2019,377.5,628,394,361
08/20/2019,August,2019,382,629.5,397,367
08/21/2019,August,2019,382.75,630,399,366.5
08/22/2019,August,2019,386,631.5,401.5,370.5
08/23/2019,August,2019,388,632,403.5,372.5
08/26/2019,August,2019,387.5,629,400,375
08/27/2019,August,2019,390.25,626,402.5,378
08/28/2019,August,2019,400,630.5,412.5,387.5
08/29/2019,August,2019,401.5,633.5,415,388
08/30/2019,August,2019,401.25,635.5,414,388.5
09/02/2019,September,2019,397,632,413,381
09/03/2019,September,2019,387.5,626,405.5,369.5
09/04/2019,September,2019,389.25,625,405,373.5
09/05/2019,September,2019,403.25,631.5,424.5,382
09/06/2019,September,2019,415.25,638.5,436,394.5
09/09/2019,September,2019,424.25,641,444.5,404
09/10/2019,September,2019,430,646,451.5,408.5
09/11/2019,September,2019,427.75,649.5,449,406.5
09/12/2019,September,2019,425.75,650,447,404.5
09/13/2019,September,2019,437.25,648,456,418.5
09/16/2019,September,2019,470.5,662,486,455
09/17/2019,September,2019,516.5,682,533,500
09/18/2019,September,2019,522.25,682.5,542.5,502
09/19/2019,September,2019,505.5,669.5,525.5,485.5
09/20/2019,September,2019,510.25,672.5,532,488.5
09/23/2019,September,2019,500,671,518,482
09/24/2019,September,2019,486.75,670.5,511.5,462
09/25/2019,September,2019,469.75,662,487.5,452
09/26/2019,September,2019,471,657,487,455
09/27/2019,September,2019,471.25,658.5,487,455.5
09/30/2019,September,2019,452.5,655.5,469.5,435.5
10/01/2019,October,2019,,652.5,452,420.5
10/02/2019,October,2019,,647,450.5,410.5
10/03/2019,October,2019,,641.5,444,406.5
10/04/2019,October,2019,,641,443,407
10/07/2019,October,2019,542,641,435,401
10/08/2019,October,2019,540,641,422,388.5
10/09/2019,October,2019,543,642.5,418,385.5
10/10/2019,October,2019,543.5,642.5,420.5,385
10/11/2019,October,2019,550.5,645.5,423,390.5
10/14/2019,October,2019,550.5,647,416,383
10/15/2019,October,2019,544,644,407,374
10/16/2019,October,2019,546.5,641.5,400,369.5
10/17/2019,October,2019,548,644.5,402,369.5
10/18/2019,October,2019,551.5,645,400.5,368
10/21/2019,October,2019,552.5,644.5,397.5,363
10/22/2019,October,2019,553,642.5,391.5,361
10/23/2019,October,2019,550.5,643.5,393.5,364
10/24/2019,October,2019,554.5,646.5,398,368.5
10/25/2019,October,2019,560.5,649.5,400,370.5
10/28/2019,October,2019,561,652,390.5,371.5
10/29/2019,October,2019,562.5,649.5,392,368.5
10/30/2019,October,2019,560.5,648,393,367
10/31/2019,October,2019,555.5,645.5,391.5,366
11/01/2019,November,2019,556.5,643.5,395,369
11/04/2019,November,2019,564.5,646.5,397,373.5
11/05/2019,November,2019,564,652,395.5,373.5
11/06/2019,November,2019,565,651,394,371
11/07/2019,November,2019,563.5,648.5,389,365
11/08/2019,November,2019,560.5,645.5,386,359.5
11/11/2019,November,2019,559.5,642.5,382.5,356.5
11/12/2019,November,2019,560.5,644,373,353
11/13/2019,November,2019,559,644,376.5,348.5
11/14/2019,November,2019,559.5,642,371,343.5
11/15/2019,November,2019,558.5,642,371,331.5
11/18/2019,November,2019,563,646,373.5,333.5
11/19/2019,November,2019,558.5,642,369.5,328.5
11/20/2019,November,2019,554,638,362.5,324.5
11/21/2019,November,2019,554.5,641.5,366,326.5
11/22/2019,November,2019,560.5,645,365.5,328.5
11/25/2019,November,2019,561.5,646.5,367.5,331.5
11/26/2019,November,2019,564,651,367,330
11/27/2019,November,2019,564.5,652,370.5,330.5
11/28/2019,November,2019,564.5,651.5,368,331.5
11/29/2019,November,2019,563.5,653,366,327
12/02/2019,December,2019,561.5,649,362.5,325.5
12/03/2019,December,2019,561.5,647.5,360.5,324
12/04/2019,December,2019,565,647.5,363.5,330
12/05/2019,December,2019,568.5,648.5,366.5,331.5
12/06/2019,December,2019,575,651,368.5,334.5
12/09/2019,December,2019,579.5,653.5,374,338
12/10/2019,December,2019,583,655,382,343
12/11/2019,December,2019,588,655.5,381.5,345
12/12/2019,December,2019,592,654.5,383,344.5
12/13/2019,December,2019,599.5,660.5,384.5,347.5
12/16/2019,December,2019,607.5,667,392.5,348.5
12/17/2019,December,2019,616.5,672.5,390.5,349
12/18/2019,December,2019,627.5,678,393.5,349.5
12/19/2019,December,2019,637.5,679,387.5,352.5
12/20/2019,December,2019,644.5,685,396,356
12/23/2019,December,2019,648,689,396.5,363
12/24/2019,December,2019,650.5,691,399,367
12/25/2019,December,2019,650.5,691,399,367
12/26/2019,December,2019,655,690,399,366.5
12/27/2019,December,2019,661.5,698,393.5,365.5
12/30/2019,December,2019,670.5,705,394.5,365
12/31/2019,December,2019,672,709.5,389,365
01/01/2020,January,2020,672,709.5,,365.5
01/02/2020,January,2020,677.5,715.5,383,362.5
01/03/2020,January,2020,684,716,392.5,370.5
01/06/2020,January,2020,694,722.5,385,381
01/07/2020,January,2020,691.5,717,386.5,377
01/08/2020,January,2020,693.5,718,392.5,379.5
01/09/2020,January,2020,688.5,713,389.5,377.5
01/10/2020,January,2020,681.5,705.5,391,378.5
01/13/2020,January,2020,673,698.5,379.5,377
01/14/2020,January,2020,666,694,372.5,376
01/15/2020,January,2020,658,684.5,366.5,370.5
01/16/2020,January,2020,651.5,683,364,369
01/17/2020,January,2020,646,678.5,366,367.5
01/20/2020,January,2020,647.5,676.5,371,369.5
01/21/2020,January,2020,645.5,676.5,367,369
01/22/2020,January,2020,643,669.5,355.5,366.5
01/23/2020,January,2020,633.5,664.5,367,366
01/24/2020,January,2020,631,659.5,362,367.5
01/27/2020,January,2020,619.5,649.5,353.5,364.5
01/28/2020,January,2020,608.5,634.5,355,361
01/29/2020,January,2020,604,634,351.5,357
01/30/2020,January,2020,595.5,626,347,353
01/31/2020,January,2020,593,621,347,350.5
02/03/2020,February,2020,577.5,609.5,353,343
02/04/2020,February,2020,561.5,604,357.5,341
02/05/2020,February,2020,558.5,602.5,355.5,344.5
02/06/2020,February,2020,560.5,605.5,360,345
02/07/2020,February,2020,557.5,597.5,359,344.5
02/10/2020,February,2020,552,597.5,340.5,341.5
02/11/2020,February,2020,550,593,341.5,340
02/12/2020,February,2020,544.5,595,313.5,341.5
02/13/2020,February,2020,544,597,335.5,343.5
02/14/2020,February,2020,538,589.5,337.5,346.5
02/17/2020,February,2020,536.5,590,339.5,346.5
02/18/2020,February,2020,534,587,336,344.5
02/19/2020,February,2020,532,584,338.5,345
02/20/2020,February,2020,529.5,586.5,342.5,349
02/21/2020,February,2020,526.5,584.5,327,346.5
02/24/2020,February,2020,516.5,578.5,325,342.5
02/25/2020,February,2020,511,571.5,322.5,342.5
02/26/2020,February,2020,497,560.5,321.5,335
02/27/2020,February,2020,479.5,550.5,310.5,331
02/28/2020,February,2020,467,537,303.5,326
03/02/2020,March,2020,466.5,540.5,304.5,332
03/03/2020,March,2020,460,529.5,295,329.5
03/04/2020,March,2020,459,538,,331.5
03/05/2020,March,2020,455.5,536.5,,329
03/06/2020,March,2020,443,526,,326
03/09/2020,March,2020,396.5,495.5,,285.5
03/10/2020,March,2020,382,470,,277.5
03/11/2020,March,2020,381,465.5,,271
03/12/2020,March,2020,368,458.5,,264
03/13/2020,March,2020,361.5,448.5,,262
03/16/2020,March,2020,341,435.5,,255
03/17/2020,March,2020,333.5,423,,249.5
03/18/2020,March,2020,310.5,405.5,,236.5
03/19/2020,March,2020,296,390,,225
03/20/2020,March,2020,303,398.5,,231.5
03/23/2020,March,2020,284,386.5,,224.5
03/24/2020,March,2020,287,384,,225.5
03/25/2020,March,2020,291.5,390.5,,216
03/26/2020,March,2020,285,385,,223
03/27/2020,March,2020,283.5,377.5,,216.5
03/30/2020,March,2020,274.5,369.5,,209.5
03/31/2020,March,2020,272,366.5,,204
04/01/2020,April,2020,268,359,,203
04/02/2020,April,2020,263.5,352,,198
04/03/2020,April,2020,270.5,356.5,,207.5
04/06/2020,April,2020,277.5,364,,215.5
04/07/2020,April,2020,279,363,,217.5
04/08/2020,April,2020,275.5,359,,215
04/09/2020,April,2020,277,356,,213
04/10/2020,April,2020,274.5,353,,214.5
04/13/2020,April,2020,272,351.5,,211
04/14/2020,April,2020,271.5,346,,209
04/15/2020,April,2020,263,338,,207.5
04/16/2020,April,2020,257.5,333,,198.5
04/17/2020,April,2020,260.5,326,,205
04/20/2020,April,2020,259,323.5,,193
04/21/2020,April,2020,241.5,314.5,,180
04/22/2020,April,2020,221.5,295.5,,169
04/23/2020,April,2020,225,289.5,,164.5
04/24/2020,April,2020,223.5,286,,164
04/27/2020,April,2020,219.5,279,,165
04/28/2020,April,2020,210,268.5,,160
04/29/2020,April,2020,212.5,271.5,,157.5
04/30/2020,April,2020,224,276.5,,163.5
05/01/2020,May,2020,228,285.5,,162.5
05/04/2020,May,2020,223,283.5,,169.5
05/05/2020,May,2020,233,287,,174.5
05/06/2020,May,2020,242.5,298.5,,179
05/07/2020,May,2020,243,299,,180.5
05/08/2020,May,2020,244.5,304,,186.5
05/11/2020,May,2020,246,303,,189
05/12/2020,May,2020,247,301,,184.5
05/13/2020,May,2020,242,298.5,,184.5
05/14/2020,May,2020,243,297,,181.5
05/15/2020,May,2020,250,300,,189.5
05/18/2020,May,2020,266.5,317,,201.5
05/19/2020,May,2020,275.5,325.5,,212
05/20/2020,May,2020,280,333.5,,216
05/21/2020,May,2020,282,333.5,,215
05/22/2020,May,2020,280.5,337,,220.5
05/25/2020,May,2020,284.5,339.5,,222
05/26/2020,May,2020,287.5,346,,221.5
05/27/2020,May,2020,289,344.5,,222
05/28/2020,May,2020,282,343.5,,218
05/29/2020,May,2020,281,346.5,,217.5
06/01/2020,June,2020,289.5,344,,221
06/02/2020,June,2020,296,350.5,,232
06/03/2020,June,2020,302.5,359,,244
06/04/2020,June,2020,302,358,,238.5
06/05/2020,June,2020,307,361,,249
06/08/2020,June,2020,322,372,,257.5
06/09/2020,June,2020,320,373,,258
06/10/2020,June,2020,321.5,381.5,,261
06/11/2020,June,2020,320,383.5,,259
06/12/2020,June,2020,313.5,377.5,,257
06/15/2020,June,2020,311,376,,253
06/16/2020,June,2020,317,380,,253.5
06/17/2020,June,2020,323,387.5,,255.5
06/18/2020,June,2020,324.5,389,,256.5
06/19/2020,June,2020,331.5,396.5,,263.5
06/22/2020,June,2020,333,400.5,,266.5
06/23/2020,June,2020,337.5,404.5,,271
06/24/2020,June,2020,335,405,,269.5
06/25/2020,June,2020,328,397,,262.5
06/26/2020,June,2020,328,397.5,,263
06/29/2020,June,2020,325.5,396,,262.5
06/30/2020,June,2020,326.5,394.5,,261.5
07/01/2020,July,2020,331,398,,266
07/02/2020,July,2020,333.5,400,,266
07/03/2020,July,2020,337,405.5,,269
07/06/2020,July,2020,340.5,408.5,,275
07/07/2020,July,2020,341,412,,273.5
07/08/2020,July,2020,341,411.5,,281
07/09/2020,July,2020,342,412,,266
07/10/2020,July,2020,338,410,,282
07/13/2020,July,2020,340.5,412.5,,280.5
07/14/2020,July,2020,338.5,410.5,,280
07/15/2020,July,2020,338.5,409.5,,281
07/16/2020,July,2020,340,412,,282
07/17/2020,July,2020,340.5,414,,282
07/20/2020,July,2020,338.5,410.5,,282
07/21/2020,July,2020,344,413.5,,284
07/22/2020,July,2020,348,419.5,,285.5
07/23/2020,July,2020,350,422.5,,286.5
07/24/2020,July,2020,347.5,420.5,,286.5
07/27/2020,July,2020,346.5,419,,286
07/28/2020,July,2020,345.5,418,,286
07/29/2020,July,2020,347,419,,287.5
07/30/2020,July,2020,345.5,418.5,,286.5
07/31/2020,July,2020,343,413.5,,288
08/03/2020,August,2020,343.5,412.5,,286
08/04/2020,August,2020,343.5,413.5,,286
08/05/2020,August,2020,349,417,,290.5
08/06/2020,August,2020,349.5,419,,292.5
08/07/2020,August,2020,350,419,,292.5
08/10/2020,August,2020,347.5,416,,294
08/11/2020,August,2020,349,421,,294.5
08/12/2020,August,2020,351,419.5,,294
08/13/2020,August,2020,351,420.5,,295
08/14/2020,August,2020,350,419.5,,295.5
08/17/2020,August,2020,351.5,418.5,,295.5
08/18/2020,August,2020,354.5,417.5,,297.5
08/19/2020,August,2020,354,420,,298.5
08/20/2020,August,2020,353,418,,298.5
08/21/2020,August,2020,351,418.5,,297
08/24/2020,August,2020,349.5,416.5,,297.5
08/25/2020,August,2020,353.5,419.5,,299.5
08/26/2020,August,2020,356,421,,301.5
08/27/2020,August,2020,355.5,419,,302.5
08/28/2020,August,2020,351.5,418,,301
08/31/2020,August,2020,354.5,418.5,,301
09/01/2020,September,2020,355,416.5,,301
09/02/2020,September,2020,355.5,419,,301.5
09/03/2020,September,2020,347.5,410.5,,296
09/04/2020,September,2020,344.5,406,,294.5
09/07/2020,September,2020,339,403.5,,289
09/08/2020,September,2020,333.5,397.5,,287
09/09/2020,September,2020,326,387,,278.5
09/10/2020,September,2020,325.5,387,,278.5
09/11/2020,September,2020,323.5,383.5,,274
09/14/2020,September,2020,324.5,386,,275.5
09/15/2020,September,2020,323,381,,274.5
09/16/2020,September,2020,329,383.5,,278
09/17/2020,September,2020,331,385,,278
09/18/2020,September,2020,337,390.5,,284
09/21/2020,September,2020,334.5,392,,283.5
09/22/2020,September,2020,330,384,,279
09/23/2020,September,2020,330,388.5,,278.5
09/24/2020,September,2020,329.5,387,,277
09/25/2020,September,2020,331.5,384,,279
09/28/2020,September,2020,331,385.5,,280
09/29/2020,September,2020,334,387.5,,280.5
09/30/2020,September,2020,333.5,385.5,,279.5
10/01/2020,October,2020,335,388,,282.5
10/02/2020,October,2020,331.5,383.5,,277
10/05/2020,October,2020,331.5,387.5,,276.5
10/06/2020,October,2020,335,385.5,,279.5
10/07/2020,October,2020,339.5,395,,281.5
10/08/2020,October,2020,340,395.5,,282.5
10/09/2020,October,2020,342.5,401.5,,285
10/12/2020,October,2020,342,403.5,,285.5
10/13/2020,October,2020,341.5,400,,285
10/14/2020,October,2020,341,400,,288
10/15/2020,October,2020,343.5,404,,289
10/16/2020,October,2020,342.5,401,,289.5
10/19/2020,October,2020,341.5,400.5,,289.5
10/20/2020,October,2020,340.5,398.5,,290.5
10/21/2020,October,2020,339,399.5,,290.5
10/22/2020,October,2020,339,393.5,,290
10/23/2020,October,2020,339.5,397,,291.5
10/26/2020,October,2020,335.5,392.5,,287.5
10/27/2020,October,2020,333,386,,285
10/28/2020,October,2020,332,383.5,,284
10/29/2020,October,2020,327,382,,280.5
10/30/2020,October,2020,324,378.5,,275.5
11/02/2020,November,2020,318.5,372,,273.5
11/03/2020,November,2020,327,381,,279.5
11/04/2020,November,2020,331,382,,281
11/05/2020,November,2020,335.5,385.5,,285
11/06/2020,November,2020,335.5,388,,285
11/09/2020,November,2020,340.5,388,,287
11/10/2020,November,2020,350,399.5,,295
11/11/2020,November,2020,361.5,410.5,,302.5
11/12/2020,November,2020,361.5,413.5,,303.5
11/13/2020,November,2020,357.5,409.5,,301.5
11/16/2020,November,2020,359,410.5,,301.5
11/17/2020,November,2020,361,416,,302.5
11/18/2020,November,2020,361.5,412,,302.5
11/19/2020,November,2020,361.5,412.5,,303.5
11/20/2020,November,2020,363,416,,303
11/23/2020,November,2020,369,419.5,,307
11/24/2020,November,2020,375,425,,309.5
11/25/2020,November,2020,383,432,,315
11/26/2020,November,2020,385.5,437.5,,317.5
11/27/2020,November,2020,385,438.5,,317
11/30/2020,November,2020,386.5,437.5,,316
12/01/2020,December,2020,389,443.5,,316.5
12/02/2020,December,2020,386,439.5,,316
12/03/2020,December,2020,390,443,,318.5
12/04/2020,December,2020,395,449.5,,324.5
12/07/2020,December,2020,395,449,,323
12/08/2020,December,2020,396,453,,322
12/09/2020,December,2020,397.5,452.5,,323.5
12/10/2020,December,2020,400,454,,322.5
12/11/2020,December,2020,403.5,455.5,,326.5
12/14/2020,December,2020,406,460,,328
12/15/2020,December,2020,406.5,463,,329
12/16/2020,December,2020,408,466.5,,330
12/17/2020,December,2020,414.5,467.5,,333
12/18/2020,December,2020,414.5,472,,334.5
12/21/2020,December,2020,412,469.5,,332
12/22/2020,December,2020,411,466.5,,330
12/23/2020,December,2020,410.5,467,,329
12/24/2020,December,2020,416,470.5,,331.5
12/25/2020,December,2020,416,470.5,,331.5
12/28/2020,December,2020,421.5,474,,333
12/29/2020,December,2020,421.5,476,,333.5
12/30/2020,December,2020,422,475.5,,333.5
12/31/2020,December,2020,421,480,,341.5
01/01/2021,January,2021,421,480,,341.5
01/04/2021,January,2021,426,482.5,,338
01/05/2021,January,2021,424.5,475.5,,335
01/06/2021,January,2021,430.5,482.5,,342.5
01/07/2021,January,2021,434,484.5,,348
01/08/2021,January,2021,436.5,485.5,,350.5
01/11/2021,January,2021,444.5,493,,355
01/12/2021,January,2021,450,496.5,,358
01/13/2021,January,2021,453.5,500.5,,362
01/14/2021,January,2021,455.5,503.5,,360
01/15/2021,January,2021,455,504.5,,359.5
01/18/2021,January,2021,452.5,501.5,,356.5
01/19/2021,January,2021,455,500.5,,355.5
01/20/2021,January,2021,457.5,503.5,,358.5
01/21/2021,January,2021,457.5,508,,358
01/22/2021,January,2021,455,505.5,,356
01/25/2021,January,2021,454,503,,356.5
01/26/2021,January,2021,455.5,503,,356
01/27/2021,January,2021,457,505,,358
01/28/2021,January,2021,455.5,502.5,,360
01/29/2021,January,2021,454.5,506,,354
02/01/2021,February,2021,455.5,506.5,,355.5
02/02/2021,February,2021,462.5,508.5,,361
02/03/2021,February,2021,467.5,518,,365.5
02/04/2021,February,2021,473,522,,369
02/05/2021,February,2021,477,525,,371
02/08/2021,February,2021,482.5,529.5,,375
02/09/2021,February,2021,488.5,537.5,,378.5
02/10/2021,February,2021,492.5,540.5,,380
02/11/2021,February,2021,494,543,,380
02/12/2021,February,2021,494,543.5,,380
02/15/2021,February,2021,500.5,550.5,,388
02/16/2021,February,2021,504.5,553,,391.5
02/17/2021,February,2021,507,554.5,,391.5
02/18/2021,February,2021,512,559.5,,396
02/19/2021,February,2021,507.5,567,,393
02/22/2021,February,2021,509,565.5,,392.5
02/23/2021,February,2021,514.5,570,,398
02/24/2021,February,2021,519.5,572.5,,398.5
02/25/2021,February,2021,526,579.5,,405
02/26/2021,February,2021,523.5,580,,404.5
03/01/2021,March,2021,520.5,577.5,,402
03/02/2021,March,2021,512,574,,395.5
03/03/2021,March,2021,511.5,570,,394
03/04/2021,March,2021,515.5,573.5,,397.5
03/05/2021,March,2021,528,582,,410
03/08/2021,March,2021,536,590,,419.5
03/09/2021,March,2021,532,588,,418
03/10/2021,March,2021,528.5,583.5,,413
03/11/2021,March,2021,532.5,588,,418.5
03/12/2021,March,2021,536,591.5,,421
03/15/2021,March,2021,536.5,593.5,,423
03/16/2021,March,2021,532.5,590.5,,419.5
03/17/2021,March,2021,531.5,589.5,,416.5
03/18/2021,March,2021,525,582,,412.5
03/19/2021,March,2021,510.5,573.5,,403
03/22/2021,March,2021,511,571,,403.5
03/23/2021,March,2021,505,568,,397.5
03/24/2021,March,2021,498.5,562.5,,391.5
03/25/2021,March,2021,496,558.5,,389.5
03/26/2021,March,2021,495,562,,390.5
03/29/2021,March,2021,500,563.5,,393.5
03/30/2021,March,2021,502,564,,396
03/31/2021,March,2021,499.5,561,,392
04/01/2021,April,2021,496.5,559,,389
04/02/2021,April,2021,499,559,,388.5
04/05/2021,April,2021,496,556.5,,388
04/06/2021,April,2021,496,557,,386
04/07/2021,April,2021,494.5,557,,381
04/08/2021,April,2021,494.5,557.5,,382
04/09/2021,April,2021,493.5,556,,381
04/12/2021,April,2021,496,558,,383
04/13/2021,April,2021,496,556.5,,383
04/14/2021,April,2021,502,562,,387.5
04/15/2021,April,2021,511,563.5,,394
04/16/2021,April,2021,514.5,575,,397.5
04/19/2021,April,2021,513,574,,398.5
04/20/2021,April,2021,513.5,575.5,,400.5
04/21/2021,April,2021,508,573.5,,399
04/22/2021,April,2021,506.5,570,,399
04/23/2021,April,2021,505.5,569,,398.5
04/26/2021,April,2021,505,569,,397
04/27/2021,April,2021,507.5,570,,397.5
04/28/2021,April,2021,510,572.5,,399
04/29/2021,April,2021,514,577,,401.5
04/30/2021,April,2021,514.5,575.5,,402
05/03/2021,May,2021,512.5,572.5,,402
05/04/2021,May,2021,518,581.5,,406
05/05/2021,May,2021,525,589.5,,412
05/06/2021,May,2021,523.5,591.5,,410.5
05/07/2021,May,2021,520,590.5,,409.5
05/10/2021,May,2021,524.5,592,,410.5
05/11/2021,May,2021,519,592,,408
05/12/2021,May,2021,523,595.5,,409
05/13/2021,May,2021,520.5,597.5,,406.5
05/14/2021,May,2021,515.5,594,,402.5
05/17/2021,May,2021,519.5,592.5,,404.5
05/18/2021,May,2021,522,599,,405.5
05/19/2021,May,2021,513.5,591.5,,403
05/20/2021,May,2021,509.5,586,,399.5
05/21/2021,May,2021,506,584.5,,398
05/24/2021,May,2021,511,586.5,,399.5
05/25/2021,May,2021,513.5,590,,402.5
05/26/2021,May,2021,515,592,,404
05/27/2021,May,2021,514.5,593,,403.5
05/28/2021,May,2021,520,596,,407.5
05/31/2021,May,2021,524,598,,408.5
06/01/2021,June,2021,529,600,,413
06/02/2021,June,2021,533.5,605,,415.5
06/03/2021,June,2021,537,611,,418
06/04/2021,June,2021,539,613.5,,421
06/07/2021,June,2021,540,616.5,,421
06/08/2021,June,2021,539,615.5,,417.5
06/09/2021,June,2021,541.5,617,,422
06/10/2021,June,2021,540,616.5,,420.5
06/11/2021,June,2021,541.5,617,,421
06/14/2021,June,2021,543.5,621.5,,423.5
06/15/2021,June,2021,543.5,624,,427
06/16/2021,June,2021,547.5,626,,427.5
06/17/2021,June,2021,549,626.5,,427.5
06/18/2021,June,2021,544,625.5,,424
06/21/2021,June,2021,547.5,627.5,,426
06/22/2021,June,2021,549.5,629,,428.5
06/23/2021,June,2021,553,633.5,,434.5
06/24/2021,June,2021,553.5,635.5,,435.5
06/25/2021,June,2021,555,636,,436.5
06/28/2021,June,2021,557,644.5,,439
06/29/2021,June,2021,553.5,638,,436
06/30/2021,June,2021,555,640,,438.5
07/01/2021,July,2021,558.5,641.5,,441.5
07/02/2021,July,2021,560.5,642.5,,444
07/05/2021,July,2021,564,647,,445
07/06/2021,July,2021,565,650,,446
07/07/2021,July,2021,559.5,649,,438.5
07/08/2021,July,2021,550.5,635,,434
07/09/2021,July,2021,555.5,638.5,,436
07/12/2021,July,2021,558,643.5,,440
07/13/2021,July,2021,559,644,,441
07/14/2021,July,2021,564,648,,444
07/15/2021,July,2021,557,644.5,,439
07/16/2021,July,2021,554.5,641.5,,435.5
07/19/2021,July,2021,548,631,,433
07/20/2021,July,2021,539.5,621,,426.5
07/21/2021,July,2021,538.5,616,,426.5
07/22/2021,July,2021,546.5,628,,432.5
07/23/2021,July,2021,549.5,631,,436
07/26/2021,July,2021,549,630.5,,437.5
07/27/2021,July,2021,552.5,634,,440
07/28/2021,July,2021,553.5,634,,440.5
07/29/2021,July,2021,557.5,638.5,,446
07/30/2021,July,2021,559.5,639,,448
08/02/2021,August,2021,558.5,639.5,,446.5
08/03/2021,August,2021,553,638,,443.5
08/04/2021,August,2021,547,631,,439
08/05/2021,August,2021,543,630.5,,437.5
08/06/2021,August,2021,544,630.5,,438
08/09/2021,August,2021,532.5,616,,429
08/10/2021,August,2021,533,611.5,,431.5
08/11/2021,August,2021,535.5,615.5,,435
08/12/2021,August,2021,540,618,,433.5
08/13/2021,August,2021,536,618,,434.5
08/16/2021,August,2021,532.5,615,,432.5
08/17/2021,August,2021,532,613.5,,431
08/18/2021,August,2021,528.5,613,,429
08/19/2021,August,2021,519.5,605,,422.5
08/20/2021,August,2021,513.5,597.5,,420
08/23/2021,August,2021,514.5,602.5,,422
08/24/2021,August,2021,528,611.5,,431.5
08/25/2021,August,2021,533.5,619.5,,439
08/26/2021,August,2021,537,623,,443.5
08/27/2021,August,2021,539,626,,445.5
08/30/2021,August,2021,542,629,,449.5
08/31/2021,August,2021,542,632.5,,449
09/01/2021,September,2021,544.5,632,,448.5
09/02/2021,September,2021,545,636,,448
09/03/2021,September,2021,547.5,641,,451
09/06/2021,September,2021,546,641.5,,449.5
09/07/2021,September,2021,547.5,637,,449
09/08/2021,September,2021,546.5,635.5,,451.5
09/09/2021,September,2021,548,635,,453
09/10/2021,September,2021,547,642.5,,454.5
09/13/2021,September,2021,552,643.5,,461
09/14/2021,September,2021,554.5,643.5,,456.5
09/15/2021,September,2021,558,647,,456
09/16/2021,September,2021,562.5,651,,464.5
09/17/2021,September,2021,563,653,,465
09/20/2021,September,2021,561,653,,465
09/21/2021,September,2021,561.5,652.5,,464.5
09/22/2021,September,2021,564.5,655.5,,468.5
09/23/2021,September,2021,569.5,660.5,,473.5
09/24/2021,September,2021,572.5,661.5,,478.5
09/27/2021,September,2021,580,676,,485
09/28/2021,September,2021,584,680,,492
09/29/2021,September,2021,581.5,680.5,,487
09/30/2021,September,2021,581.5,682.5,,489
10/01/2021,October,2021,583.5,686,,490
10/04/2021,October,2021,589.5,696.5,,495
10/05/2021,October,2021,596.5,709,,507
10/06/2021,October,2021,601,718.5,,514.5
10/07/2021,October,2021,598.5,718.5,,513.5
10/08/2021,October,2021,606.5,726,,516
10/11/2021,October,2021,613.5,736,,521.5
10/12/2021,October,2021,618.5,742,,525
10/13/2021,October,2021,617.5,741,,525
10/14/2021,October,2021,625,743.5,,524
10/15/2021,October,2021,628.5,749,,529.5
10/18/2021,October,2021,632,756.5,,532.5
10/19/2021,October,2021,630.5,755,,528.5
10/20/2021,October,2021,633,755,,530.5
10/21/2021,October,2021,638.5,754.5,,531
10/22/2021,October,2021,636,751.5,,528.5
10/25/2021,October,2021,640.5,754.5,,529.5
10/26/2021,October,2021,641.5,761,,524.5
10/27/2021,October,2021,641,758.5,,522
10/28/2021,October,2021,629.5,757,,514
10/29/2021,October,2021,634,754,,515
11/01/2021,November,2021,635.5,758.5,,513.5
11/02/2021,November,2021,633.5,758.5,,513
11/03/2021,November,2021,629,751.5,,505.5
11/04/2021,November,2021,623,745.5,,501.5
11/05/2021,November,2021,617.5,747,,498.5
11/08/2021,November,2021,629,753,,504.5
11/09/2021,November,2021,630.5,756.5,,502.5
11/10/2021,November,2021,639,761,,505.5
11/11/2021,November,2021,630,754.5,,498
11/12/2021,November,2021,629,751,,494
11/15/2021,November,2021,624.5,745.5,,488.5
11/16/2021,November,2021,627,741,,495
11/17/2021,November,2021,624.5,739,,493.5
11/18/2021,November,2021,617.5,733.5,,489
11/19/2021,November,2021,619.5,734,,491
11/22/2021,November,2021,611,725.5,,487
11/23/2021,November,2021,613,726,,487.5
11/24/2021,November,2021,623.5,732,,496
11/25/2021,November,2021,627,737,,494
11/26/2021,November,2021,618,720,,491
11/29/2021,November,2021,594.5,704,,474.5
11/30/2021,November,2021,585.5,691,,455.5
12/01/2021,December,2021,587,685.5,,461
12/02/2021,December,2021,580.5,683,,443.5
12/03/2021,December,2021,591,682,,449.5
12/06/2021,December,2021,587.5,685.5,,447.5
12/07/2021,December,2021,595.5,690,,456.5
12/08/2021,December,2021,597.5,702,,460.5
12/09/2021,December,2021,602,704.5,,470
12/10/2021,December,2021,600,704.5,,468
12/13/2021,December,2021,604,702,,469.5
12/14/2021,December,2021,604.5,702.5,,467
12/15/2021,December,2021,601,697.5,,464.5
12/16/2021,December,2021,603.5,697,,468.5
12/17/2021,December,2021,605.5,699,,468.5
12/20/2021,December,2021,593.5,688,,463.5
12/21/2021,December,2021,595.5,692,,467.5
12/22/2021,December,2021,601.5,696,,470.5
12/23/2021,December,2021,609.5,710.5,,478
12/24/2021,December,2021,611,706.5,,474.5
12/27/2021,December,2021,612,706,,475.5
12/28/2021,December,2021,625,721,,486
12/29/2021,December,2021,627.5,718,,482.5
12/30/2021,December,2021,633.5,722.5,,480.5
12/31/2021,December,2021,633.5,722.5,,480.5
01/03/2022,January,2022,628.5,727,,482
01/04/2022,January,2022,631.5,732.5,,485
01/05/2022,January,2022,634.5,737,,492
01/06/2022,January,2022,636.5,742,,496
01/07/2022,January,2022,641.5,755.5,,500.5
01/10/2022,January,2022,642.5,753,,500
01/11/2022,January,2022,647,759.5,,502
01/12/2022,January,2022,660,780,,510.5
01/13/2022,January,2022,663.5,780,,517.5
01/14/2022,January,2022,667.5,791,,521
01/17/2022,January,2022,676,800,,536.5
01/18/2022,January,2022,686,801.5,,530
01/19/2022,January,2022,691.5,813,,538.5
01/20/2022,January,2022,694.5,812.5,,541
01/21/2022,January,2022,693.5,809.5,,539
01/24/2022,January,2022,692.5,812.5,,540.5
01/25/2022,January,2022,691,814.5,,540.5
01/26/2022,January,2022,693,822.5,,547.5
01/27/2022,January,2022,699.5,831,,554.5
01/28/2022,January,2022,703,839.5,,555.5
01/31/2022,January,2022,706,841,,557.5
02/01/2022,February,2022,705,840.5,,559
02/02/2022,February,2022,708,843.5,,556
02/03/2022,February,2022,717,845.5,,557.5
02/04/2022,February,2022,731.5,853.5,,563.5
02/07/2022,February,2022,734,867.5,,565.5
02/08/2022,February,2022,729.5,859.5,,562.5
02/09/2022,February,2022,726,858,,561
02/10/2022,February,2022,729,855.5,,562
02/11/2022,February,2022,732.5,865,,562
02/14/2022,February,2022,745,880,,569.5
02/15/2022,February,2022,745,883,,571
02/16/2022,February,2022,743.5,880.5,,572
02/17/2022,February,2022,737.5,871,,564.5
02/18/2022,February,2022,737,867.5,,562.5
02/21/2022,February,2022,740,866.5,,567.5
02/22/2022,February,2022,754.5,882.5,,581
02/23/2022,February,2022,752,884.5,,579.5
02/24/2022,February,2022,774,904.5,,597
02/25/2022,February,2022,772.5,908.5,,590
02/28/2022,February,2022,781.5,912.5,,591.5
03/01/2022,March,2022,800.5,930.5,,602.5
03/02/2022,March,2022,841,985.5,,625.5
03/03/2022,March,2022,882.5,"1,039.50",,649
03/04/2022,March,2022,888.5,"1,056",,653
03/07/2022,March,2022,962.5,"1,171.50",,714.5
03/08/2022,March,2022,987,"1,180",,724
03/09/2022,March,2022,"1,040.50","1,210",,749.5
03/10/2022,March,2022,995.5,"1,178.50",,720.5
03/11/2022,March,2022,958.5,"1,121",,701.5
03/14/2022,March,2022,952,"1,115",,701.5
03/15/2022,March,2022,899.5,"1,070",,685
03/16/2022,March,2022,878,"1,046.50",,672.5
03/17/2022,March,2022,875,"1,071.50",,666.5
03/18/2022,March,2022,902,"1,081.50",,675.5
03/21/2022,March,2022,923.5,"1,141.50",,688
03/22/2022,March,2022,938,"1,167.50",,706
03/23/2022,March,2022,943,"1,121",,719
03/24/2022,March,2022,966,"1,212",,741
03/25/2022,March,2022,953.5,"1,210",,726.5
03/28/2022,March,2022,953.5,"1,198",,729.5
03/29/2022,March,2022,938.5,"1,184.50",,717.5
03/30/2022,March,2022,929.5,"1,173.50",,715.5
03/31/2022,March,2022,915.5,"1,177.50",,716
04/01/2022,April,2022,904.5,"1,158",,706
04/04/2022,April,2022,909.5,"1,180.50",,711
04/05/2022,April,2022,919.5,"1,193",,722
04/06/2022,April,2022,919.5,"1,188",,712.5
04/07/2022,April,2022,891.5,"1,154.50",,696.5
04/08/2022,April,2022,887.5,"1,148",,688.5
04/11/2022,April,2022,884,"1,149.50",,693
04/12/2022,April,2022,887.5,"1,161",,699.5
04/13/2022,April,2022,908.5,"1,190.50",,727
04/14/2022,April,2022,917,"1,225",,734
04/15/2022,April,2022,927,"1,226.50",,736.5
04/18/2022,April,2022,928.5,"1,236",,741
04/19/2022,April,2022,931.5,"1,258.50",,746
04/20/2022,April,2022,928.5,"1,238.50",,741
04/21/2022,April,2022,921.5,"1,253",,742.5
04/22/2022,April,2022,919,"1,242.50",,742.5
04/25/2022,April,2022,890,"1,223",,726.5
04/26/2022,April,2022,886.5,"1,228.50",,712
04/27/2022,April,2022,901,"1,259.50",,738
04/28/2022,April,2022,903.5,"1,274.50",,743
04/29/2022,April,2022,924.5,"1,307.50",,747.5
05/02/2022,May,2022,920.5,"1,298.50",,751
05/03/2022,May,2022,928.5,"1,302",,757.5
05/04/2022,May,2022,925,"1,325.50",,761.5
05/05/2022,May,2022,935,"1,346",,769.5
05/06/2022,May,2022,933.5,"1,340",,759.5
05/09/2022,May,2022,932,"1,303",,756.5
05/10/2022,May,2022,907.5,"1,299",,737
05/11/2022,May,2022,902,"1,290.50",,726.5
05/12/2022,May,2022,902,"1,280.50",,722
05/13/2022,May,2022,918.5,"1,286.50",,730
05/16/2022,May,2022,935,"1,286",,734
05/17/2022,May,2022,949,"1,278",,746
05/18/2022,May,2022,959.5,"1,277.50",,742.5
05/19/2022,May,2022,949,"1,248.50",,725.5
05/20/2022,May,2022,950,"1,243.50",,734.5
05/23/2022,May,2022,958.5,"1,253",,734.5
05/24/2022,May,2022,960,"1,249",,734
05/25/2022,May,2022,974,"1,254",,740
05/26/2022,May,2022,975.5,"1,267.50",,736.5
05/27/2022,May,2022,"1,000.50","1,275",,745
05/30/2022,May,2022,"1,023.50","1,285.50",,743.5
05/31/2022,May,2022,"1,030.50","1,322",,744
06/01/2022,June,2022,"1,042.00","1,317.50",,741.5
06/02/2022,June,2022,"1,038.50","1,326.50",,731.5
06/03/2022,June,2022,"1,067.50","1,375",,741
06/06/2022,June,2022,"1,083.50","1,374",,738.5
06/07/2022,June,2022,"1,100.00","1,386",,732
06/08/2022,June,2022,"1,119.50","1,408.50",,732.5
06/09/2022,June,2022,"1,118.50","1,404",,731.5
06/10/2022,June,2022,"1,122.50","1,421",,730
06/13/2022,June,2022,"1,109.00","1,405",,729
06/14/2022,June,2022,"1,125.50","1,410.50",,739
06/15/2022,June,2022,"1,104.50","1,414",,730
06/16/2022,June,2022,"1,097.50","1,410.50",,729.5
06/17/2022,June,2022,"1,095.00","1,430",,723.5
06/20/2022,June,2022,"1,076.50","1,413",,699
06/21/2022,June,2022,"1,087.50","1,422.50",,704.5
06/22/2022,June,2022,"1,080.00","1,417.50",,694.5
06/23/2022,June,2022,"1,066.50","1,411",,689
06/24/2022,June,2022,"1,065.50","1,422.50",,694.5
06/27/2022,June,2022,"1,069.50","1,411",,690
06/28/2022,June,2022,"1,081.50","1,431.50",,697.5
06/29/2022,June,2022,"1,085.50","1,399.50",,700
06/30/2022,June,2022,"1,077.50","1,356",,688
07/01/2022,July,2022,"1,072.00","1,386.50",,681
07/04/2022,July,2022,"1,077.50","1,369",,670.5
07/05/2022,July,2022,"1,081.00","1,343.50",,660.5
07/06/2022,July,2022,"1,027.50","1,287.50",,623.5
07/07/2022,July,2022,997,"1,270",,616.5
07/08/2022,July,2022,"1,020.50","1,283.50",,624
07/11/2022,July,2022,"1,009.50","1,309",,626.5
07/12/2022,July,2022,995,"1,269",,616
07/13/2022,July,2022,968.5,"1,242",,591
07/14/2022,July,2022,960,"1,257",,577
07/15/2022,July,2022,957,"1,241.50",,575.5
07/18/2022,July,2022,966,"1,251.50",,590
07/19/2022,July,2022,968.5,"1,247",,591
07/20/2022,July,2022,963.5,"1,242.50",,594
07/21/2022,July,2022,942,"1,223",,591
07/22/2022,July,2022,925.5,"1,205",,588
07/25/2022,July,2022,911,"1,197",,584.5
07/26/2022,July,2022,917.5,"1,196",,585.5
07/27/2022,July,2022,906,"1,208.50",,575
07/28/2022,July,2022,916.5,"1,217",,586
07/29/2022,July,2022,914.5,"1,205.50",,584
08/01/2022,August,2022,901.5,"1,194",,584
08/02/2022,August,2022,869.5,"1,162",,580
08/03/2022,August,2022,864.5,"1,155",,580.5
08/04/2022,August,2022,844.5,"1,146",,571
08/05/2022,August,2022,819,"1,132.50",,568
08/08/2022,August,2022,813,"1,115",,561
08/09/2022,August,2022,814.5,"1,119",,568
08/10/2022,August,2022,807.5,"1,122.50",,567
08/11/2022,August,2022,822,"1,128.50",,583
08/12/2022,August,2022,829.5,"1,137",,589
08/15/2022,August,2022,813.5,"1,141.50",,587
08/16/2022,August,2022,797,"1,137",,574.5
08/17/2022,August,2022,792,"1,134.50",,567
08/18/2022,August,2022,797,"1,141.50",,572
08/19/2022,August,2022,800,"1,142",,571.5
08/22/2022,August,2022,797.5,"1,151.50",,568
08/23/2022,August,2022,804,"1,174",,570.5
08/24/2022,August,2022,813.5,"1,204",,577
08/25/2022,August,2022,821.5,"1,237.50",,576.5
08/26/2022,August,2022,823.5,"1,252.50",,575.5
08/29/2022,August,2022,823.5,"1,238",,573
08/30/2022,August,2022,822,"1,234.50",,573
08/31/2022,August,2022,797,"1,214",,546.5
09/01/2022,September,2022,770.5,"1,173.50",,526.5
09/02/2022,September,2022,761,"1,170",,528.5
09/05/2022,September,2022,773.5,"1,185",,529.5
09/06/2022,September,2022,777.5,"1,188",,522
09/07/2022,September,2022,757.5,"1,168.50",,512
09/08/2022,September,2022,740.5,"1,164",,492.5
09/09/2022,September,2022,741.5,"1,164",,490.5
09/12/2022,September,2022,754.5,"1,164",,502.5
09/13/2022,September,2022,765.5,"1,164.50",,502
09/14/2022,September,2022,755,"1,139",,498
09/15/2022,September,2022,751.5,"1,110",,496
09/16/2022,September,2022,740,"1,087",,491.5
09/19/2022,September,2022,736.5,"1,081",797,486
09/20/2022,September,2022,741,"1,095.50",822,484
09/21/2022,September,2022,744,"1,090.50",823.5,482
09/22/2022,September,2022,739.5,"1,097",823.5,482
09/23/2022,September,2022,737.5,"1,094",821.5,481
09/26/2022,September,2022,716.5,"1,062",,470.5
09/27/2022,September,2022,702.5,"1,049.50",,469
09/28/2022,September,2022,711.5,"1,059.50",,464
09/29/2022,September,2022,721.5,"1,079.50",,470
09/30/2022,September,2022,725,"1,079.50",,460.5
10/03/2022,October,2022,722,"1,079.50",,463
10/04/2022,October,2022,728.5,"1,105",,477.5
10/05/2022,October,2022,744.5,"1,139.50",,481
10/06/2022,October,2022,757.5,"1,153.50",,492
10/07/2022,October,2022,768.5,"1,192.50",,498
10/10/2022,October,2022,786.5,"1,228",,514
10/11/2022,October,2022,773,"1,197.50",,497.5
10/12/2022,October,2022,763,"1,199.50",,489.5
10/13/2022,October,2022,761,"1,199",,478
10/14/2022,October,2022,760.5,"1,201",,481
10/17/2022,October,2022,755,"1,192",,471
10/18/2022,October,2022,753,"1,189.50",,470
10/19/2022,October,2022,747,"1,177.50",,470
10/20/2022,October,2022,751.5,"1,168.50",,480.5
10/21/2022,October,2022,740,"1,146",,480.5
10/24/2022,October,2022,744.5,"1,171",,475
10/25/2022,October,2022,742.5,"1,169.50",,468.5
10/26/2022,October,2022,740,"1,167.50",,471.5
10/27/2022,October,2022,746,"1,174",,474.5
10/28/2022,October,2022,748.5,"1,179.50",,479
10/31/2022,October,2022,739.5,"1,169.50",,471.5
11/01/2022,November,2022,735.5,"1,149.50",,478
11/02/2022,November,2022,733.5,"1,142.50",,481.5
11/03/2022,November,2022,731.5,"1,148",,482.5
11/04/2022,November,2022,741.5,"1,159.50",,484.5
11/07/2022,November,2022,746.5,"1,162",,495.5
11/08/2022,November,2022,747,"1,157.50",,498
11/09/2022,November,2022,738,"1,138",,489.5
11/10/2022,November,2022,729,"1,127.50",,487.5
11/11/2022,November,2022,738,"1,123.50",,497
11/14/2022,November,2022,738,"1,123",,500
11/15/2022,November,2022,718,"1,103.50",,495
11/16/2022,November,2022,724.5,"1,115.50",,500
11/17/2022,November,2022,708,"1,103.50",,493.5
11/18/2022,November,2022,692.5,"1,087",,489
11/21/2022,November,2022,687.5,"1,067.50",,484
11/22/2022,November,2022,689,"1,067.50",,482.5
11/23/2022,November,2022,693.5,"1,066",,485
11/24/2022,November,2022,678,"1,058.50",,470.5
11/25/2022,November,2022,686,"1,051.50",,477
11/28/2022,November,2022,670,"1,024.50",,462.5
11/29/2022,November,2022,676,"1,025.50",,459
11/30/2022,November,2022,680.5,"1,032",,460.5
12/01/2022,December,2022,686.5,"1,043.50",,453
12/02/2022,December,2022,685.5,"1,037",,457
12/05/2022,December,2022,684.5,"1,029",,456.5
12/06/2022,December,2022,669.5,"1,012.50",,447
12/07/2022,December,2022,648.5,966,,436
12/08/2022,December,2022,635,954.5,,436
12/09/2022,December,2022,633,973.5,,441.5
12/12/2022,December,2022,631,967,,434
12/13/2022,December,2022,636,974.5,,446
12/14/2022,December,2022,639.5,991.5,,445
12/15/2022,December,2022,642.5,"1,002.50",,448.5
12/16/2022,December,2022,640,997,,441
12/19/2022,December,2022,635,996.5,,442.5
12/20/2022,December,2022,633,983.5,,450.5
12/21/2022,December,2022,629.5,988.5,,453.5
12/22/2022,December,2022,634.5,989,,464
12/23/2022,December,2022,639.5,988,,466
12/26/2022,December,2022,640.5,989,,466
12/27/2022,December,2022,651,995,,474.5
12/28/2022,December,2022,649.5,"1,017.50",,460.5
12/29/2022,December,2022,642,"1,013.50",,460
12/30/2022,December,2022,645.5,"1,021",,459
01/02/2023,January,2023,647,"1,019.50",,458.5
01/03/2023,January,2023,645,"1,018.50",,461.5
01/04/2023,January,2023,631.5,992,,448.5
01/05/2023,January,2023,624.5,988,,439.5
01/06/2023,January,2023,619.5,979,,434.5
01/09/2023,January,2023,624.5,988,,435.5
01/10/2023,January,2023,626,982.5,,436
01/11/2023,January,2023,631,991,,436.5
01/12/2023,January,2023,647,"1,005.50",,446.5
01/13/2023,January,2023,659,"1,022.50",,447
01/16/2023,January,2023,663,"1,031.50",,452
01/17/2023,January,2023,668.5,"1,031.50",,456
01/18/2023,January,2023,676.5,"1,038",,459.5
01/19/2023,January,2023,674.5,"1,033",,462.5
01/20/2023,January,2023,687.5,"1,051",,466.5
01/23/2023,January,2023,695.5,"1,059.50",,472
01/24/2023,January,2023,698,"1,069",,472
01/25/2023,January,2023,699.5,"1,063",,471.5
01/26/2023,January,2023,700,"1,055",,470
01/27/2023,January,2023,706.5,"1,060.50",,473
01/30/2023,January,2023,697.5,"1,049.50",,468.5
01/31/2023,January,2023,690,"1,034",,461
02/01/2023,February,2023,703.5,"1,026.50",,464.5
02/02/2023,February,2023,688.5,"1,017",,462
02/03/2023,February,2023,679,997,,448
02/06/2023,February,2023,665.5,977,,426
02/07/2023,February,2023,667.5,957.5,,434
02/08/2023,February,2023,674,967.5,,449
02/09/2023,February,2023,682,966.5,,453
02/10/2023,February,2023,678.5,955,,454.5
02/13/2023,February,2023,681,960.5,,458.5
02/14/2023,February,2023,680.5,963.5,,458.5
02/15/2023,February,2023,675.5,957,,455.5
02/16/2023,February,2023,672,945,,458
02/17/2023,February,2023,660,934.5,,458
02/20/2023,February,2023,654,931,,456.5
02/21/2023,February,2023,650.5,932.5,,460
02/22/2023,February,2023,641.5,925.5,,455.5
02/23/2023,February,2023,633,913,,450.5
02/24/2023,February,2023,638,912.5,,456
02/27/2023,February,2023,641,925.5,,451.5
02/28/2023,February,2023,639,921.5,,452.5
03/01/2023,March,2023,645,932,,463
03/02/2023,March,2023,649.5,937,,469
03/03/2023,March,2023,648,935,,468
03/06/2023,March,2023,649.5,941.5,,475
03/07/2023,March,2023,654,934,,482
03/08/2023,March,2023,643,913,,476
03/09/2023,March,2023,636.5,905,,477.5
03/10/2023,March,2023,632.5,895.5,,467.5
03/13/2023,March,2023,633.5,903.5,,474
03/14/2023,March,2023,623,897.5,,470
03/15/2023,March,2023,613,887,,463
03/16/2023,March,2023,598,870.5,,452.5
03/17/2023,March,2023,603,880.5,,465
03/20/2023,March,2023,593,875,,456
03/21/2023,March,2023,593,869.5,,460.5
03/22/2023,March,2023,599,875,,463
03/23/2023,March,2023,603,876,,465
03/24/2023,March,2023,600,868.5,,463
03/27/2023,March,2023,598.5,869.5,,464.5
03/28/2023,March,2023,610.5,877.5,,477.5
03/29/2023,March,2023,611,876.5,,478.5
03/30/2023,March,2023,608,865,,476
03/31/2023,March,2023,612.5,865,,485.5
04/03/2023,April,2023,636.5,890.5,,509.5
04/04/2023,April,2023,636.5,897,,513
04/05/2023,April,2023,635.5,891,,516
04/06/2023,April,2023,637,892,,516.5
04/07/2023,April,2023,636,887,,518.5
04/10/2023,April,2023,636.5,887,,518.5
04/11/2023,April,2023,638.5,882.5,,521.5
04/12/2023,April,2023,642,881.5,,527.5
04/13/2023,April,2023,643,886.5,,528.5
04/14/2023,April,2023,642,881.5,,527.5
04/17/2023,April,2023,640.5,878.5,,527.5
04/18/2023,April,2023,635.5,866.5,,519.5
04/19/2023,April,2023,634.5,863.5,,519
04/20/2023,April,2023,618,847,,510.5
04/21/2023,April,2023,613,837,,508
04/24/2023,April,2023,611.5,835,,508
04/25/2023,April,2023,617,834.5,,510.5
04/26/2023,April,2023,609,826.5,,506.5
04/27/2023,April,2023,598,810.5,,496.5
04/28/2023,April,2023,600,803.5,,494.5
05/01/2023,May,2023,593.5,803.5,,496.5
05/02/2023,May,2023,601,795,,496.5
05/03/2023,May,2023,586,780,,484
05/04/2023,May,2023,572,765.5,,477
05/05/2023,May,2023,574,767.5,,476.5
05/08/2023,May,2023,583,780.5,,480
05/09/2023,May,2023,586.5,779,,488
05/10/2023,May,2023,587,786.5,,486
05/11/2023,May,2023,584,786.5,,487.5
05/12/2023,May,2023,582,779,,481.5
05/15/2023,May,2023,573,777,,479.5
05/16/2023,May,2023,580.5,778,,482.5
05/17/2023,May,2023,583,777,,482
05/18/2023,May,2023,595,781.5,,492
05/19/2023,May,2023,589,781,,489.5
05/22/2023,May,2023,589.5,774.5,,486.5
05/23/2023,May,2023,585,772.5,,487
05/24/2023,May,2023,596,779,,492
05/25/2023,May,2023,589,780,,489.5
05/26/2023,May,2023,585,775.5,,485
05/29/2023,May,2023,588.5,776.5,,489
05/30/2023,May,2023,584.5,764.5,,483.5
05/31/2023,May,2023,577,756.5,,467.5
06/01/2023,June,2023,574,745.5,,470.5
06/02/2023,June,2023,583.5,764,,484.5
06/05/2023,June,2023,594.5,781.5,,494.5
06/06/2023,June,2023,591.5,780,,486.5
06/07/2023,June,2023,595,778.5,,486
06/08/2023,June,2023,598.5,786.5,,489.5
06/09/2023,June,2023,593,776,,486
06/12/2023,June,2023,586.5,770,,479.5
06/13/2023,June,2023,585,764,,480.5
06/14/2023,June,2023,594.5,770,,492
06/15/2023,June,2023,592.5,769.5,,490
06/16/2023,June,2023,601.5,788,,500
06/19/2023,June,2023,611,798,,505.5
06/20/2023,June,2023,610,790,,506.5
06/21/2023,June,2023,608,785,,498.5
06/22/2023,June,2023,613.5,788.5,,498.5
06/23/2023,June,2023,598.5,776,,490
06/26/2023,June,2023,598.5,772,,488
06/27/2023,June,2023,594,777,,480
06/28/2023,June,2023,588.5,769.5,,481
06/29/2023,June,2023,594,771,,486.5
06/30/2023,June,2023,596,773,,491
07/03/2023,July,2023,598.5,776,,500
07/04/2023,July,2023,592,775.5,,496
07/05/2023,July,2023,593,778.5,,500
07/06/2023,July,2023,592,788.5,,501
07/07/2023,July,2023,591.5,785,,502.5
07/10/2023,July,2023,597.5,795.5,,510
07/11/2023,July,2023,594,800.5,,513
07/12/2023,July,2023,600,804.5,,515
07/13/2023,July,2023,601,814,,518.5
07/14/2023,July,2023,602.5,814,,520.5
07/17/2023,July,2023,596.5,812.5,,518.5
07/18/2023,July,2023,592.5,809.5,,515.5
07/19/2023,July,2023,595.5,814.5,,522.5
07/20/2023,July,2023,595,819.5,,525
07/21/2023,July,2023,598.5,822,,528.5
07/24/2023,July,2023,607.5,839.5,,535
07/25/2023,July,2023,614.5,849.5,,535.5
07/26/2023,July,2023,617.5,858.5,,538.5
07/27/2023,July,2023,622.5,869,,544.5
07/28/2023,July,2023,629,883,,551.5
07/31/2023,July,2023,633.5,896,,562
08/01/2023,August,2023,640.5,910.5,,562.5
08/02/2023,August,2023,647.5,921,,574.5
08/03/2023,August,2023,647,922,,571.5
08/04/2023,August,2023,654.5,928,,578
08/07/2023,August,2023,657.5,929,,579.5
08/08/2023,August,2023,652,928.5,,576.5
08/09/2023,August,2023,657,937,,584.5
08/10/2023,August,2023,667.5,955.5,,592
08/11/2023,August,2023,662.5,949.5,,591.5
08/14/2023,August,2023,662.5,944.5,,589.5
08/15/2023,August,2023,661.5,941.5,,585.5
08/16/2023,August,2023,656.5,947.5,,585.5
08/17/2023,August,2023,653,949,,582.5
08/18/2023,August,2023,654.5,953,,583
08/21/2023,August,2023,657.5,958.5,,588.5
08/22/2023,August,2023,649,950,,585
08/23/2023,August,2023,645.5,956,,579.5
08/24/2023,August,2023,645.5,958.5,,571.5
08/25/2023,August,2023,651,964,,571
08/28/2023,August,2023,654.5,974,,574
08/29/2023,August,2023,657,973,,573
08/30/2023,August,2023,654,974.5,,570
08/31/2023,August,2023,654.5,969,,573
09/01/2023,September,2023,662,971.5,,577
09/04/2023,September,2023,664,970,,578
09/05/2023,September,2023,661,978,,578
09/06/2023,September,2023,662,980.5,,586
09/07/2023,September,2023,668.5,980.5,,590
09/08/2023,September,2023,667,985,,592.5
09/11/2023,September,2023,668.5,"1,000",,591
09/12/2023,September,2023,671,"1,005",,589.5
09/13/2023,September,2023,675,"1,007",,597
09/14/2023,September,2023,681,"1,018",,600
09/15/2023,September,2023,687,"1,024",,603.5
09/18/2023,September,2023,685,"1,021.50",,601
09/19/2023,September,2023,682,"1,013.50",,592
09/20/2023,September,2023,681.5,"1,012.50",,591
09/21/2023,September,2023,677.5,"1,012.50",,589
09/22/2023,September,2023,677.5,"1,016.50",,590.5
09/25/2023,September,2023,674.5,"1,010",,590
09/26/2023,September,2023,672.5,997,,585.5
09/27/2023,September,2023,682.5,"1,002.50",,595
09/28/2023,September,2023,689,"1,010",,601.5
09/29/2023,September,2023,684.5,"1,012.50",,592.5
10/02/2023,October,2023,683,"1,009",,583.5
10/03/2023,October,2023,679,998.5,,571
10/04/2023,October,2023,672,981,,564
10/05/2023,October,2023,649.5,968,,547
10/06/2023,October,2023,647.5,923,,540.5
10/09/2023,October,2023,654,930.5,,544
10/10/2023,October,2023,664.5,949.5,,551
10/11/2023,October,2023,662.5,950.5,,544
10/12/2023,October,2023,667,954,,539.5
10/13/2023,October,2023,672,960,,544.5
10/16/2023,October,2023,680,967,,552
10/17/2023,October,2023,678,970,,552.5
10/18/2023,October,2023,683,970,,560.5
10/19/2023,October,2023,686,958.5,,562
10/20/2023,October,2023,688,964.5,,560.5
10/23/2023,October,2023,686,962,,556
10/24/2023,October,2023,675,952,,551.5
10/25/2023,October,2023,669.5,946,,545
10/26/2023,October,2023,671,944,,543
10/27/2023,October,2023,671,946,,542
10/30/2023,October,2023,673,940,,535.5
10/31/2023,October,2023,674.5,934,,534
11/01/2023,November,2023,680.5,936,,538
11/02/2023,November,2023,678,938,,538.5
11/03/2023,November,2023,678.5,945,,541.5
11/06/2023,November,2023,677.5,933.5,,537
11/07/2023,November,2023,673,921.5,,527.5
11/08/2023,November,2023,664.5,906.5,,517
11/09/2023,November,2023,660.5,892,,512
11/10/2023,November,2023,661,883.5,,515.5
11/13/2023,November,2023,666.5,883,,513.5
11/14/2023,November,2023,674.5,894.5,,519.5
11/15/2023,November,2023,672.5,898.5,,522
11/16/2023,November,2023,666,900,,520.5
11/17/2023,November,2023,658.5,881.5,,517
11/20/2023,November,2023,668,884.5,,519.5
11/21/2023,November,2023,674.5,886.5,,523
11/22/2023,November,2023,673.5,892,,526.5
11/23/2023,November,2023,670,892,,524
11/24/2023,November,2023,665,889.5,,522.5
11/27/2023,November,2023,655.5,881.5,,518.5
11/28/2023,November,2023,653.5,881.5,,521
11/29/2023,November,2023,654,885,,523.5
11/30/2023,November,2023,660.5,885,,528
12/01/2023,December,2023,660,880.5,,522
12/04/2023,December,2023,648.5,872.5,,517
12/05/2023,December,2023,644,859.5,,516
12/06/2023,December,2023,639.5,859,,512
12/07/2023,December,2023,624,851,,501
12/08/2023,December,2023,621.5,848.5,,499.5
12/11/2023,December,2023,620.5,841,,502
12/12/2023,December,2023,617,834.5,,501
12/13/2023,December,2023,609,833,,495.5
12/14/2023,December,2023,611,836,,498.5
12/15/2023,December,2023,618.5,849,,502.5
12/18/2023,December,2023,623,854.5,,502
12/19/2023,December,2023,629,840.5,,507
12/20/2023,December,2023,634,852,,512
12/21/2023,December,2023,637.5,858,,509
12/22/2023,December,2023,639,862,,510.5
12/25/2023,December,2023,639,862,,510.5
12/26/2023,December,2023,637.5,861,,509.5
12/27/2023,December,2023,643.5,861,,513.5
12/28/2023,December,2023,642,851,,510.5
12/29/2023,December,2023,637,854,,508
01/01/2024,January,2024,637,854,,508
01/02/2024,January,2024,636,852,,505.5
01/03/2024,January,2024,633.5,840,,504
01/04/2024,January,2024,633.5,841.5,,506
01/05/2024,January,2024,635,841,,505
01/08/2024,January,2024,631.5,843,,504
01/09/2024,January,2024,625.5,841,,496.5
01/10/2024,January,2024,627,848.5,,503
01/11/2024,January,2024,622.5,848,,497.5
01/12/2024,January,2024,627,851,,501.5
01/15/2024,January,2024,626,850.5,,497
01/16/2024,January,2024,624.5,846,,495
01/17/2024,January,2024,623.5,849,,494
01/18/2024,January,2024,623,847.5,,490.5
01/19/2024,January,2024,630,850,,492
01/22/2024,January,2024,634.5,852,,491.5
01/23/2024,January,2024,635.5,855,,492
01/24/2024,January,2024,641,856,,492.5
01/25/2024,January,2024,647,860.5,,497
01/26/2024,January,2024,654,866,,504
01/29/2024,January,2024,663.5,880.5,,509
01/30/2024,January,2024,665,883.5,,510
01/31/2024,January,2024,666,886,,507.5
02/01/2024,February,2024,660.5,881.5,,499.5
02/02/2024,February,2024,655,876,,497
02/05/2024,February,2024,647.5,866.5,,493
02/06/2024,February,2024,645,869,,494.5
02/07/2024,February,2024,648,873.5,,496.5
02/08/2024,February,2024,650.5,880,,499
02/09/2024,February,2024,657,889,,503
02/12/2024,February,2024,658,892.5,,505
02/13/2024,February,2024,660,899.5,,506
02/14/2024,February,2024,660.5,896,,507.5
02/15/2024,February,2024,661,887,,507
02/16/2024,February,2024,665,896.5,,508
02/19/2024,February,2024,666,893.5,,509
02/20/2024,February,2024,665.5,893.5,,508.5
02/21/2024,February,2024,660.5,886.5,,509
02/22/2024,February,2024,661.5,882,,511.5
02/23/2024,February,2024,663,880,,510.5
02/26/2024,February,2024,656.5,875.5,,504.5
02/27/2024,February,2024,657.5,878,,503.5
02/28/2024,February,2024,662,878.5,,506
02/29/2024,February,2024,662,872,,506
03/01/2024,March,2024,662,875.5,,508.5
03/04/2024,March,2024,666.5,883.5,,513.5
03/05/2024,March,2024,666,878,,510.5
03/06/2024,March,2024,663.5,875.5,,511
03/07/2024,March,2024,663.5,874.5,,512.5
03/08/2024,March,2024,661,874,,513.5
03/11/2024,March,2024,658,878,,511
03/12/2024,March,2024,656.5,875.5,,511.5
03/13/2024,March,2024,657.5,874.5,,512
03/14/2024,March,2024,664.5,875.5,,518.5
03/15/2024,March,2024,666,881.5,,519
03/18/2024,March,2024,669.5,886.5,,528.5
03/19/2024,March,2024,672,901,,527.5
03/20/2024,March,2024,671,902,,530.5
03/21/2024,March,2024,668,895,,527.5
03/22/2024,March,2024,665,892.5,,526
03/25/2024,March,2024,665,892,,527.5
03/26/2024,March,2024,666,885.5,,529.5
03/27/2024,March,2024,664.5,883.5,,527.5
03/28/2024,March,2024,663.5,877.5,,526.5
03/29/2024,March,2024,668.5,878.5,,533.5
04/01/2024,April,2024,666,879.5,,530
04/02/2024,April,2024,669.5,889.5,,534.5
04/03/2024,April,2024,673.5,894,,539.5
04/04/2024,April,2024,674,893.5,,541.5
04/05/2024,April,2024,674.5,901,,543
04/08/2024,April,2024,677,904,,546
04/09/2024,April,2024,673,899,,544
04/10/2024,April,2024,672,898.5,,544.5
04/11/2024,April,2024,671.5,901.5,,543
04/12/2024,April,2024,672,896,,543.5
04/15/2024,April,2024,672.5,896.5,,544.5
04/16/2024,April,2024,672.5,892,,546
04/17/2024,April,2024,672,885,,547
04/18/2024,April,2024,665.5,870.5,,543.5
04/19/2024,April,2024,665,864,,543
04/22/2024,April,2024,661.5,859,,540.5
04/23/2024,April,2024,662.5,858.5,,542.5
04/24/2024,April,2024,664,856.5,,543.5
04/25/2024,April,2024,662,855,,549
04/26/2024,April,2024,664,855,,548
04/29/2024,April,2024,666,856,,551
04/30/2024,April,2024,662,851,,551
05/01/2024,May,2024,658.5,848.5,,550
05/02/2024,May,2024,645,832,,541.5
05/03/2024,May,2024,645.5,827,,538
05/06/2024,May,2024,646,825.5,,534
05/07/2024,May,2024,644,825.5,,537.5
05/08/2024,May,2024,639,821.5,,533.5
05/09/2024,May,2024,642.5,824.5,,536
05/10/2024,May,2024,645.5,830.5,,538.5
05/13/2024,May,2024,640,821.5,,533.5
05/14/2024,May,2024,639.5,820,,531.5
05/15/2024,May,2024,636,815.5,,530
05/16/2024,May,2024,637,816,,531
05/17/2024,May,2024,637,819,,531.5
05/20/2024,May,2024,638,826.5,,536
05/21/2024,May,2024,635,821.5,,536
05/22/2024,May,2024,629,815,,533
05/23/2024,May,2024,625,811.5,,529.5
05/24/2024,May,2024,620.5,807.5,,529.5
05/27/2024,May,2024,621.5,808,,531
05/28/2024,May,2024,622,811,,537.5
05/29/2024,May,2024,628.5,812.5,,542.5
05/30/2024,May,2024,627,811.5,,542.5
05/31/2024,May,2024,619.5,802,,537
06/03/2024,June,2024,615.5,795,,535
06/04/2024,June,2024,606.5,788.5,,528
06/05/2024,June,2024,597.5,782.5,,521.5
06/06/2024,June,2024,599,775.5,,520
06/07/2024,June,2024,606.5,786.5,,525
06/10/2024,June,2024,606.5,792.5,,523.5
06/11/2024,June,2024,611.5,789,,531
06/12/2024,June,2024,615.5,794.5,,532.5
06/13/2024,June,2024,616.5,801,,533
06/14/2024,June,2024,616.5,803,,531
06/17/2024,June,2024,618,802,,532.5
06/18/2024,June,2024,624,802.5,,536
06/19/2024,June,2024,626.5,809,,541
06/20/2024,June,2024,627,814.5,,542
06/21/2024,June,2024,628.5,817.5,,543.5
06/24/2024,June,2024,627.5,844,,540.5
06/25/2024,June,2024,633.5,844,,541.5
06/26/2024,June,2024,635.5,843,,540.5
06/27/2024,June,2024,637.5,844.5,,540.5
06/28/2024,June,2024,638,849,,543
07/01/2024,July,2024,636,845,,541
07/02/2024,July,2024,644.5,853,,551.5
07/03/2024,July,2024,651,858,,554
07/04/2024,July,2024,648,853.5,,551
07/05/2024,July,2024,648.5,855.5,,557.5
07/08/2024,July,2024,646,850.5,,551.5
07/09/2024,July,2024,643.5,844.5,,549.5
07/10/2024,July,2024,643.5,838.5,,548
07/11/2024,July,2024,640.5,839,,547.5
07/12/2024,July,2024,635,828.5,,549.5
07/15/2024,July,2024,639,828,,547.5
07/16/2024,July,2024,638.5,832,,545
07/17/2024,July,2024,635.5,825,,543
07/18/2024,July,2024,637,827.5,,543.5
07/19/2024,July,2024,637,827.5,,543.5
07/22/2024,July,2024,630,818,,535
07/23/2024,July,2024,626,816,,533
07/24/2024,July,2024,623,815.5,,526
07/25/2024,July,2024,622,814.5,,524.5
07/26/2024,July,2024,624.5,817.5,,525
07/29/2024,July,2024,621.5,811.5,,522
07/30/2024,July,2024,616,798.5,,523
07/31/2024,July,2024,617,800,,525
08/01/2024,August,2024,625,808.5,,532
08/02/2024,August,2024,621,802.5,,528.5
08/05/2024,August,2024,608,788,,515
08/06/2024,August,2024,604,780.5,,504
08/07/2024,August,2024,604.5,780.5,,507.5
08/08/2024,August,2024,609,783,,512
08/09/2024,August,2024,610.5,786.5,,512
08/12/2024,August,2024,618,787.5,,517.5
08/13/2024,August,2024,624.5,793.5,,520.5
08/14/2024,August,2024,622.5,794,,518.5
08/15/2024,August,2024,620,793,,514.5
08/16/2024,August,2024,619.5,790,,516.5
08/19/2024,August,2024,615.5,784,,512
08/20/2024,August,2024,609.5,774,,506
08/21/2024,August,2024,610,770,,504.5
08/22/2024,August,2024,609.5,768.5,,501
08/23/2024,August,2024,615.5,769.5,,505
08/26/2024,August,2024,623.5,777,,505.5
08/27/2024,August,2024,631.5,783.5,,506.5
08/28/2024,August,2024,630.5,776.5,,500.5
08/29/2024,August,2024,626,772,,498
08/30/2024,August,2024,629,773.5,,500
09/02/2024,September,2024,624,768.5,,491.5
09/03/2024,September,2024,624,768,,497
09/04/2024,September,2024,616,754.5,,488.5
09/05/2024,September,2024,616,747.5,,485
09/06/2024,September,2024,612.5,746.5,,482.5
09/09/2024,September,2024,604,739,,479
09/10/2024,September,2024,596,734.5,,474.5
09/11/2024,September,2024,587.5,729.5,,474.5
09/12/2024,September,2024,589.5,730.5,,479.5
09/13/2024,September,2024,591.5,733.5,,483
09/16/2024,September,2024,591,730.5,,481.5
09/17/2024,September,2024,590.5,728.5,,483
09/18/2024,September,2024,588.5,730,,483
09/19/2024,September,2024,589.5,733,,486
09/20/2024,September,2024,598.5,739.5,,488.5
09/23/2024,September,2024,603,738.5,,480.5
09/24/2024,September,2024,609,740,,483
09/25/2024,September,2024,606.5,736.5,,483.5
09/26/2024,September,2024,597.5,728.5,,469
09/27/2024,September,2024,591,726,,480.5
09/30/2024,September,2024,592,730,,482.5
10/01/2024,October,2024,588.5,728,,480.5
10/02/2024,October,2024,603.5,741.5,,498.5
10/03/2024,October,2024,603,742,,501.5
10/04/2024,October,2024,615,757,,515
10/07/2024,October,2024,616,763.5,,515.5
10/08/2024,October,2024,622,767.5,,521
10/09/2024,October,2024,612.5,761.5,,515
10/10/2024,October,2024,616.5,763,,514.5
10/11/2024,October,2024,624,766,,519
10/14/2024,October,2024,622.5,765.5,,517.5
10/15/2024,October,2024,608.5,752.5,,501.5
10/16/2024,October,2024,605.5,743.5,,502.5
10/17/2024,October,2024,605,744,,500.5
10/18/2024,October,2024,602.5,742,,500
10/21/2024,October,2024,602,744.5,,509
10/22/2024,October,2024,603.5,745,,527
10/23/2024,October,2024,608.5,749,,535.5
10/24/2024,October,2024,609,751,,522
10/25/2024,October,2024,606.5,750,,520
10/28/2024,October,2024,591,739.5,,509.5
10/29/2024,October,2024,584.5,734.5,,509.5
10/30/2024,October,2024,589.5,738,,512
10/31/2024,October,2024,591,746.5,,513.5
11/01/2024,November,2024,595.5,755.5,,515
11/04/2024,November,2024,596,757,,505.5
11/05/2024,November,2024,598,758.5,,505.5
11/06/2024,November,2024,599,755.5,,501
11/07/2024,November,2024,599.5,757.5,,500
11/08/2024,November,2024,599.5,756,,498
11/11/2024,November,2024,593.5,750.5,,494
11/12/2024,November,2024,588,748.5,,488
11/13/2024,November,2024,585,749.5,,487.5
11/14/2024,November,2024,584,751.5,,488
11/15/2024,November,2024,582.5,753,,486.5
11/18/2024,November,2024,582.5,753,,482
11/19/2024,November,2024,586,759,,484
11/20/2024,November,2024,586,759,,488
11/21/2024,November,2024,586,761,,487.5
11/22/2024,November,2024,589,764.5,,492
11/25/2024,November,2024,587.5,765,,490
11/26/2024,November,2024,583.5,762.5,,488
11/27/2024,November,2024,580,761,,488
11/28/2024,November,2024,578,758.5,,489
11/29/2024,November,2024,579.5,758.5,,491
12/02/2024,December,2024,578.5,758.5,,492
12/03/2024,December,2024,577.5,759,,496.5
12/04/2024,December,2024,581,760,,498
12/05/2024,December,2024,578.5,755,,491
12/06/2024,December,2024,573,751,,488.5
12/09/2024,December,2024,572.5,748.5,,488
12/10/2024,December,2024,570,746.5,,494.5
12/11/2024,December,2024,571,746.5,,495.5
12/12/2024,December,2024,574.5,750.5,,498
12/13/2024,December,2024,575.5,756.5,,499.5
12/16/2024,December,2024,577.5,757,,501.5
12/17/2024,December,2024,577,759.5,,507
12/18/2024,December,2024,575.5,760,,509
12/19/2024,December,2024,574.5,760.5,,508
12/20/2024,December,2024,572,758,,507.5
12/23/2024,December,2024,573.5,756,,508.5
12/24/2024,December,2024,574,748,,501.5
12/25/2024,December,2024,574,748,,501.5
12/26/2024,December,2024,577.5,749.5,,506
12/27/2024,December,2024,577,751.5,,504
12/30/2024,December,2024,578.5,760,,500
12/31/2024,December,2024,582,766.5,,505.5
01/01/2025,January,2025,582,766.5,,506
01/02/2025,January,2025,582.5,767.5,,504
01/03/2025,January,2025,587,770.5,,502.5
01/06/2025,January,2025,587.5,776,,501
01/07/2025,January,2025,587,768.5,,499
01/08/2025,January,2025,592.5,773,,500.5
01/09/2025,January,2025,591.5,775,,499
01/10/2025,January,2025,596.5,774,,505.5
01/13/2025,January,2025,608.5,798.5,,521
01/14/2025,January,2025,610.5,801,,519
01/15/2025,January,2025,608.5,801.5,,518
01/16/2025,January,2025,616.5,812,,525
01/17/2025,January,2025,620.5,817,,533
01/20/2025,January,2025,619,816.5,,517.5
01/21/2025,January,2025,615.5,810,,517
01/22/2025,January,2025,613,804,,516
01/23/2025,January,2025,614.5,793.5,,514
01/24/2025,January,2025,613.5,796,,515
01/27/2025,January,2025,612.5,797.5,,512.5
01/28/2025,January,2025,613,787.5,,511.5
01/29/2025,January,2025,611,780.5,,509.5
01/30/2025,January,2025,610,779.5,,509.5
01/31/2025,January,2025,609.5,787.5,,510.5
02/03/2025,February,2025,609.5,783.5,,511
02/04/2025,February,2025,605.5,779,,506
02/05/2025,February,2025,605.5,783,,509.5
02/06/2025,February,2025,599.5,778.5,,508
02/07/2025,February,2025,597,779.5,,512
02/10/2025,February,2025,599,785,,518
02/11/2025,February,2025,603,792.5,,522.5
02/12/2025,February,2025,602,792.5,,520.5
02/13/2025,February,2025,593.5,786,,515
02/14/2025,February,2025,595.5,785,,514
02/17/2025,February,2025,596.5,785.5,,513
02/18/2025,February,2025,594.5,788.5,,514
02/19/2025,February,2025,596.5,778.5,,518.5
02/20/2025,February,2025,598,787,,519
02/21/2025,February,2025,596,791.5,,517
02/24/2025,February,2025,591,785,,513
02/25/2025,February,2025,587.5,781,,511.5
02/26/2025,February,2025,582,775.5,,507
02/27/2025,February,2025,576,773.5,,506.5
02/28/2025,February,2025,576.5,772.5,,506
03/03/2025,March,2025,573.5,771.5,,508
03/04/2025,March,2025,565,760.5,,496.5
03/05/2025,March,2025,559,757.5,,493
03/06/2025,March,2025,555.5,752.5,,492
03/07/2025,March,2025,552,745.5,,493.5
03/10/2025,March,2025,552,749,,496.5
03/11/2025,March,2025,550.5,745.5,,493
03/12/2025,March,2025,552,737.5,,493.5
03/13/2025,March,2025,553,744,,493
03/14/2025,March,2025,551.5,740.5,,492
03/17/2025,March,2025,551.5,743.5,,492
03/18/2025,March,2025,553,746,,494.5
03/19/2025,March,2025,549,742,,489
03/20/2025,March,2025,549,743.5,,485.5
03/21/2025,March,2025,551.5,747,,489
03/24/2025,March,2025,552.5,751,,490.5
03/25/2025,March,2025,555.5,754.5,,492.5
